gcc-9.3.0 loaded successful
Using pip 22.3.1 from /ailab/user/wangxuhong/.conda/envs/occformer/lib/python3.7/site-packages/pip (python 3.7)
Looking in indexes: https://pypi.tuna.tsinghua.edu.cn/simple
Obtaining file:///ailab/user/wangxuhong/yuqiucheng/OccFormer-main/mmdetection3d
  Preparing metadata (setup.py): started
  Running command python setup.py egg_info
  running egg_info
  creating /tmp/pip-pip-egg-info-uf_7rat_/mmdet3d.egg-info
  writing /tmp/pip-pip-egg-info-uf_7rat_/mmdet3d.egg-info/PKG-INFO
  writing dependency_links to /tmp/pip-pip-egg-info-uf_7rat_/mmdet3d.egg-info/dependency_links.txt
  writing requirements to /tmp/pip-pip-egg-info-uf_7rat_/mmdet3d.egg-info/requires.txt
  writing top-level names to /tmp/pip-pip-egg-info-uf_7rat_/mmdet3d.egg-info/top_level.txt
  writing manifest file '/tmp/pip-pip-egg-info-uf_7rat_/mmdet3d.egg-info/SOURCES.txt'
  reading manifest file '/tmp/pip-pip-egg-info-uf_7rat_/mmdet3d.egg-info/SOURCES.txt'
  reading manifest template 'MANIFEST.in'
  warning: no files found matching '*.cpp' under directory 'mmdet3d/.mim/ops'
  warning: no files found matching '*.cu' under directory 'mmdet3d/.mim/ops'
  warning: no files found matching '*.h' under directory 'mmdet3d/.mim/ops'
  warning: no files found matching '*.cc' under directory 'mmdet3d/.mim/ops'
  adding license file 'LICENSE'
  writing manifest file '/tmp/pip-pip-egg-info-uf_7rat_/mmdet3d.egg-info/SOURCES.txt'
  Preparing metadata (setup.py): finished with status 'done'
Requirement already satisfied: lyft_dataset_sdk in /ailab/user/wangxuhong/.conda/envs/occformer/lib/python3.7/site-packages (from mmdet3d==0.17.1) (0.0.8)
Requirement already satisfied: networkx<2.3,>=2.2 in /ailab/user/wangxuhong/.conda/envs/occformer/lib/python3.7/site-packages (from mmdet3d==0.17.1) (2.2)
Requirement already satisfied: numba==0.48.0 in /ailab/user/wangxuhong/.conda/envs/occformer/lib/python3.7/site-packages (from mmdet3d==0.17.1) (0.48.0)
Requirement already satisfied: numpy<1.20.0 in /ailab/user/wangxuhong/.conda/envs/occformer/lib/python3.7/site-packages (from mmdet3d==0.17.1) (1.19.5)
Requirement already satisfied: nuscenes-devkit in /ailab/user/wangxuhong/.conda/envs/occformer/lib/python3.7/site-packages (from mmdet3d==0.17.1) (1.1.10)
Requirement already satisfied: plyfile in /ailab/user/wangxuhong/.conda/envs/occformer/lib/python3.7/site-packages (from mmdet3d==0.17.1) (0.9)
Requirement already satisfied: scikit-image in /ailab/user/wangxuhong/.conda/envs/occformer/lib/python3.7/site-packages (from mmdet3d==0.17.1) (0.19.3)
Requirement already satisfied: tensorboard in /ailab/user/wangxuhong/.conda/envs/occformer/lib/python3.7/site-packages (from mmdet3d==0.17.1) (2.11.2)
Requirement already satisfied: trimesh<2.35.40,>=2.35.39 in /ailab/user/wangxuhong/.conda/envs/occformer/lib/python3.7/site-packages (from mmdet3d==0.17.1) (2.35.39)
Requirement already satisfied: setuptools in /ailab/user/wangxuhong/.conda/envs/occformer/lib/python3.7/site-packages (from numba==0.48.0->mmdet3d==0.17.1) (65.6.3)
Requirement already satisfied: llvmlite<0.32.0,>=0.31.0dev0 in /ailab/user/wangxuhong/.conda/envs/occformer/lib/python3.7/site-packages (from numba==0.48.0->mmdet3d==0.17.1) (0.31.0)
Requirement already satisfied: decorator>=4.3.0 in /ailab/user/wangxuhong/.conda/envs/occformer/lib/python3.7/site-packages (from networkx<2.3,>=2.2->mmdet3d==0.17.1) (5.1.1)
Requirement already satisfied: scipy in /ailab/user/wangxuhong/.conda/envs/occformer/lib/python3.7/site-packages (from trimesh<2.35.40,>=2.35.39->mmdet3d==0.17.1) (1.7.3)
Requirement already satisfied: pyquaternion>=0.9.5 in /ailab/user/wangxuhong/.conda/envs/occformer/lib/python3.7/site-packages (from lyft_dataset_sdk->mmdet3d==0.17.1) (0.9.9)
Requirement already satisfied: cachetools>=3.1.0 in /ailab/user/wangxuhong/.conda/envs/occformer/lib/python3.7/site-packages (from lyft_dataset_sdk->mmdet3d==0.17.1) (5.5.2)
Requirement already satisfied: black in /ailab/user/wangxuhong/.conda/envs/occformer/lib/python3.7/site-packages (from lyft_dataset_sdk->mmdet3d==0.17.1) (23.3.0)
Requirement already satisfied: Pillow>=5.2.0 in /ailab/user/wangxuhong/.conda/envs/occformer/lib/python3.7/site-packages (from lyft_dataset_sdk->mmdet3d==0.17.1) (9.5.0)
Requirement already satisfied: pandas in /ailab/user/wangxuhong/.conda/envs/occformer/lib/python3.7/site-packages (from lyft_dataset_sdk->mmdet3d==0.17.1) (1.3.5)
Requirement already satisfied: matplotlib in /ailab/user/wangxuhong/.conda/envs/occformer/lib/python3.7/site-packages (from lyft_dataset_sdk->mmdet3d==0.17.1) (3.5.2)
Requirement already satisfied: scikit-learn>=0.19.2 in /ailab/user/wangxuhong/.conda/envs/occformer/lib/python3.7/site-packages (from lyft_dataset_sdk->mmdet3d==0.17.1) (1.0.2)
Requirement already satisfied: plotly in /ailab/user/wangxuhong/.conda/envs/occformer/lib/python3.7/site-packages (from lyft_dataset_sdk->mmdet3d==0.17.1) (5.18.0)
Requirement already satisfied: Shapely>=1.6.4.post2 in /ailab/user/wangxuhong/.conda/envs/occformer/lib/python3.7/site-packages (from lyft_dataset_sdk->mmdet3d==0.17.1) (1.8.5)
Requirement already satisfied: tqdm>=4.25.0 in /ailab/user/wangxuhong/.conda/envs/occformer/lib/python3.7/site-packages (from lyft_dataset_sdk->mmdet3d==0.17.1) (4.67.1)
Requirement already satisfied: opencv-python>=3.4.2.17 in /ailab/user/wangxuhong/.conda/envs/occformer/lib/python3.7/site-packages (from lyft_dataset_sdk->mmdet3d==0.17.1) (4.11.0.86)
Requirement already satisfied: pytest in /ailab/user/wangxuhong/.conda/envs/occformer/lib/python3.7/site-packages (from lyft_dataset_sdk->mmdet3d==0.17.1) (7.4.4)
Requirement already satisfied: fire in /ailab/user/wangxuhong/.conda/envs/occformer/lib/python3.7/site-packages (from lyft_dataset_sdk->mmdet3d==0.17.1) (0.7.0)
Requirement already satisfied: flake8 in /ailab/user/wangxuhong/.conda/envs/occformer/lib/python3.7/site-packages (from lyft_dataset_sdk->mmdet3d==0.17.1) (3.9.2)
Requirement already satisfied: jupyter in /ailab/user/wangxuhong/.conda/envs/occformer/lib/python3.7/site-packages (from nuscenes-devkit->mmdet3d==0.17.1) (1.1.1)
Requirement already satisfied: descartes in /ailab/user/wangxuhong/.conda/envs/occformer/lib/python3.7/site-packages (from nuscenes-devkit->mmdet3d==0.17.1) (1.1.0)
Requirement already satisfied: pycocotools>=2.0.1 in /ailab/user/wangxuhong/.conda/envs/occformer/lib/python3.7/site-packages (from nuscenes-devkit->mmdet3d==0.17.1) (2.0.7)
Requirement already satisfied: tifffile>=2019.7.26 in /ailab/user/wangxuhong/.conda/envs/occformer/lib/python3.7/site-packages (from scikit-image->mmdet3d==0.17.1) (2021.11.2)
Requirement already satisfied: imageio>=2.4.1 in /ailab/user/wangxuhong/.conda/envs/occformer/lib/python3.7/site-packages (from scikit-image->mmdet3d==0.17.1) (2.31.2)
Requirement already satisfied: packaging>=20.0 in /ailab/user/wangxuhong/.conda/envs/occformer/lib/python3.7/site-packages (from scikit-image->mmdet3d==0.17.1) (24.0)
Requirement already satisfied: PyWavelets>=1.1.1 in /ailab/user/wangxuhong/.conda/envs/occformer/lib/python3.7/site-packages (from scikit-image->mmdet3d==0.17.1) (1.3.0)
Requirement already satisfied: requests<3,>=2.21.0 in /ailab/user/wangxuhong/.conda/envs/occformer/lib/python3.7/site-packages (from tensorboard->mmdet3d==0.17.1) (2.31.0)
Requirement already satisfied: tensorboard-plugin-wit>=1.6.0 in /ailab/user/wangxuhong/.conda/envs/occformer/lib/python3.7/site-packages (from tensorboard->mmdet3d==0.17.1) (1.8.1)
Requirement already satisfied: google-auth<3,>=1.6.3 in /ailab/user/wangxuhong/.conda/envs/occformer/lib/python3.7/site-packages (from tensorboard->mmdet3d==0.17.1) (2.38.0)
Requirement already satisfied: google-auth-oauthlib<0.5,>=0.4.1 in /ailab/user/wangxuhong/.conda/envs/occformer/lib/python3.7/site-packages (from tensorboard->mmdet3d==0.17.1) (0.4.6)
Requirement already satisfied: grpcio>=1.24.3 in /ailab/user/wangxuhong/.conda/envs/occformer/lib/python3.7/site-packages (from tensorboard->mmdet3d==0.17.1) (1.62.3)
Requirement already satisfied: tensorboard-data-server<0.7.0,>=0.6.0 in /ailab/user/wangxuhong/.conda/envs/occformer/lib/python3.7/site-packages (from tensorboard->mmdet3d==0.17.1) (0.6.1)
Requirement already satisfied: werkzeug>=1.0.1 in /ailab/user/wangxuhong/.conda/envs/occformer/lib/python3.7/site-packages (from tensorboard->mmdet3d==0.17.1) (2.2.3)
Requirement already satisfied: absl-py>=0.4 in /ailab/user/wangxuhong/.conda/envs/occformer/lib/python3.7/site-packages (from tensorboard->mmdet3d==0.17.1) (2.1.0)
Requirement already satisfied: protobuf<4,>=3.9.2 in /ailab/user/wangxuhong/.conda/envs/occformer/lib/python3.7/site-packages (from tensorboard->mmdet3d==0.17.1) (3.20.3)
Requirement already satisfied: wheel>=0.26 in /ailab/user/wangxuhong/.conda/envs/occformer/lib/python3.7/site-packages (from tensorboard->mmdet3d==0.17.1) (0.38.4)
Requirement already satisfied: markdown>=2.6.8 in /ailab/user/wangxuhong/.conda/envs/occformer/lib/python3.7/site-packages (from tensorboard->mmdet3d==0.17.1) (3.4.4)
Requirement already satisfied: pyasn1-modules>=0.2.1 in /ailab/user/wangxuhong/.conda/envs/occformer/lib/python3.7/site-packages (from google-auth<3,>=1.6.3->tensorboard->mmdet3d==0.17.1) (0.3.0)
Requirement already satisfied: rsa<5,>=3.1.4 in /ailab/user/wangxuhong/.conda/envs/occformer/lib/python3.7/site-packages (from google-auth<3,>=1.6.3->tensorboard->mmdet3d==0.17.1) (4.9)
Requirement already satisfied: requests-oauthlib>=0.7.0 in /ailab/user/wangxuhong/.conda/envs/occformer/lib/python3.7/site-packages (from google-auth-oauthlib<0.5,>=0.4.1->tensorboard->mmdet3d==0.17.1) (2.0.0)
Requirement already satisfied: importlib-metadata>=4.4 in /ailab/user/wangxuhong/.conda/envs/occformer/lib/python3.7/site-packages (from markdown>=2.6.8->tensorboard->mmdet3d==0.17.1) (6.7.0)
Requirement already satisfied: fonttools>=4.22.0 in /ailab/user/wangxuhong/.conda/envs/occformer/lib/python3.7/site-packages (from matplotlib->lyft_dataset_sdk->mmdet3d==0.17.1) (4.38.0)
Requirement already satisfied: pyparsing>=2.2.1 in /ailab/user/wangxuhong/.conda/envs/occformer/lib/python3.7/site-packages (from matplotlib->lyft_dataset_sdk->mmdet3d==0.17.1) (3.1.4)
Requirement already satisfied: cycler>=0.10 in /ailab/user/wangxuhong/.conda/envs/occformer/lib/python3.7/site-packages (from matplotlib->lyft_dataset_sdk->mmdet3d==0.17.1) (0.11.0)
Requirement already satisfied: python-dateutil>=2.7 in /ailab/user/wangxuhong/.conda/envs/occformer/lib/python3.7/site-packages (from matplotlib->lyft_dataset_sdk->mmdet3d==0.17.1) (2.9.0.post0)
Requirement already satisfied: kiwisolver>=1.0.1 in /ailab/user/wangxuhong/.conda/envs/occformer/lib/python3.7/site-packages (from matplotlib->lyft_dataset_sdk->mmdet3d==0.17.1) (1.4.5)
Requirement already satisfied: charset-normalizer<4,>=2 in /ailab/user/wangxuhong/.conda/envs/occformer/lib/python3.7/site-packages (from requests<3,>=2.21.0->tensorboard->mmdet3d==0.17.1) (3.4.1)
Requirement already satisfied: certifi>=2017.4.17 in /ailab/user/wangxuhong/.conda/envs/occformer/lib/python3.7/site-packages (from requests<3,>=2.21.0->tensorboard->mmdet3d==0.17.1) (2022.12.7)
Requirement already satisfied: urllib3<3,>=1.21.1 in /ailab/user/wangxuhong/.conda/envs/occformer/lib/python3.7/site-packages (from requests<3,>=2.21.0->tensorboard->mmdet3d==0.17.1) (2.0.7)
Requirement already satisfied: idna<4,>=2.5 in /ailab/user/wangxuhong/.conda/envs/occformer/lib/python3.7/site-packages (from requests<3,>=2.21.0->tensorboard->mmdet3d==0.17.1) (3.10)
Requirement already satisfied: joblib>=0.11 in /ailab/user/wangxuhong/.conda/envs/occformer/lib/python3.7/site-packages (from scikit-learn>=0.19.2->lyft_dataset_sdk->mmdet3d==0.17.1) (1.3.2)
Requirement already satisfied: threadpoolctl>=2.0.0 in /ailab/user/wangxuhong/.conda/envs/occformer/lib/python3.7/site-packages (from scikit-learn>=0.19.2->lyft_dataset_sdk->mmdet3d==0.17.1) (3.1.0)
Requirement already satisfied: MarkupSafe>=2.1.1 in /ailab/user/wangxuhong/.conda/envs/occformer/lib/python3.7/site-packages (from werkzeug>=1.0.1->tensorboard->mmdet3d==0.17.1) (2.1.5)
Requirement already satisfied: pathspec>=0.9.0 in /ailab/user/wangxuhong/.conda/envs/occformer/lib/python3.7/site-packages (from black->lyft_dataset_sdk->mmdet3d==0.17.1) (0.11.2)
Requirement already satisfied: platformdirs>=2 in /ailab/user/wangxuhong/.conda/envs/occformer/lib/python3.7/site-packages (from black->lyft_dataset_sdk->mmdet3d==0.17.1) (4.0.0)
Requirement already satisfied: tomli>=1.1.0 in /ailab/user/wangxuhong/.conda/envs/occformer/lib/python3.7/site-packages (from black->lyft_dataset_sdk->mmdet3d==0.17.1) (2.0.1)
Requirement already satisfied: mypy-extensions>=0.4.3 in /ailab/user/wangxuhong/.conda/envs/occformer/lib/python3.7/site-packages (from black->lyft_dataset_sdk->mmdet3d==0.17.1) (1.0.0)
Requirement already satisfied: click>=8.0.0 in /ailab/user/wangxuhong/.conda/envs/occformer/lib/python3.7/site-packages (from black->lyft_dataset_sdk->mmdet3d==0.17.1) (8.1.8)
Requirement already satisfied: typed-ast>=1.4.2 in /ailab/user/wangxuhong/.conda/envs/occformer/lib/python3.7/site-packages (from black->lyft_dataset_sdk->mmdet3d==0.17.1) (1.5.5)
Requirement already satisfied: typing-extensions>=3.10.0.0 in /ailab/user/wangxuhong/.conda/envs/occformer/lib/python3.7/site-packages (from black->lyft_dataset_sdk->mmdet3d==0.17.1) (4.7.1)
Requirement already satisfied: termcolor in /ailab/user/wangxuhong/.conda/envs/occformer/lib/python3.7/site-packages (from fire->lyft_dataset_sdk->mmdet3d==0.17.1) (2.3.0)
Requirement already satisfied: pycodestyle<2.8.0,>=2.7.0 in /ailab/user/wangxuhong/.conda/envs/occformer/lib/python3.7/site-packages (from flake8->lyft_dataset_sdk->mmdet3d==0.17.1) (2.7.0)
Requirement already satisfied: pyflakes<2.4.0,>=2.3.0 in /ailab/user/wangxuhong/.conda/envs/occformer/lib/python3.7/site-packages (from flake8->lyft_dataset_sdk->mmdet3d==0.17.1) (2.3.1)
Requirement already satisfied: mccabe<0.7.0,>=0.6.0 in /ailab/user/wangxuhong/.conda/envs/occformer/lib/python3.7/site-packages (from flake8->lyft_dataset_sdk->mmdet3d==0.17.1) (0.6.1)
Requirement already satisfied: nbconvert in /ailab/user/wangxuhong/.conda/envs/occformer/lib/python3.7/site-packages (from jupyter->nuscenes-devkit->mmdet3d==0.17.1) (7.6.0)
Requirement already satisfied: notebook in /ailab/user/wangxuhong/.conda/envs/occformer/lib/python3.7/site-packages (from jupyter->nuscenes-devkit->mmdet3d==0.17.1) (6.5.7)
Requirement already satisfied: jupyter-console in /ailab/user/wangxuhong/.conda/envs/occformer/lib/python3.7/site-packages (from jupyter->nuscenes-devkit->mmdet3d==0.17.1) (6.6.3)
Requirement already satisfied: ipykernel in /ailab/user/wangxuhong/.conda/envs/occformer/lib/python3.7/site-packages (from jupyter->nuscenes-devkit->mmdet3d==0.17.1) (6.16.2)
Requirement already satisfied: ipywidgets in /ailab/user/wangxuhong/.conda/envs/occformer/lib/python3.7/site-packages (from jupyter->nuscenes-devkit->mmdet3d==0.17.1) (8.1.5)
Requirement already satisfied: jupyterlab in /ailab/user/wangxuhong/.conda/envs/occformer/lib/python3.7/site-packages (from jupyter->nuscenes-devkit->mmdet3d==0.17.1) (3.6.8)
Requirement already satisfied: pytz>=2017.3 in /ailab/user/wangxuhong/.conda/envs/occformer/lib/python3.7/site-packages (from pandas->lyft_dataset_sdk->mmdet3d==0.17.1) (2025.2)
Requirement already satisfied: tenacity>=6.2.0 in /ailab/user/wangxuhong/.conda/envs/occformer/lib/python3.7/site-packages (from plotly->lyft_dataset_sdk->mmdet3d==0.17.1) (8.2.3)
Requirement already satisfied: iniconfig in /ailab/user/wangxuhong/.conda/envs/occformer/lib/python3.7/site-packages (from pytest->lyft_dataset_sdk->mmdet3d==0.17.1) (2.0.0)
Requirement already satisfied: pluggy<2.0,>=0.12 in /ailab/user/wangxuhong/.conda/envs/occformer/lib/python3.7/site-packages (from pytest->lyft_dataset_sdk->mmdet3d==0.17.1) (1.2.0)
Requirement already satisfied: exceptiongroup>=1.0.0rc8 in /ailab/user/wangxuhong/.conda/envs/occformer/lib/python3.7/site-packages (from pytest->lyft_dataset_sdk->mmdet3d==0.17.1) (1.2.2)
Requirement already satisfied: zipp>=0.5 in /ailab/user/wangxuhong/.conda/envs/occformer/lib/python3.7/site-packages (from importlib-metadata>=4.4->markdown>=2.6.8->tensorboard->mmdet3d==0.17.1) (3.15.0)
Requirement already satisfied: pyasn1<0.6.0,>=0.4.6 in /ailab/user/wangxuhong/.conda/envs/occformer/lib/python3.7/site-packages (from pyasn1-modules>=0.2.1->google-auth<3,>=1.6.3->tensorboard->mmdet3d==0.17.1) (0.5.1)
Requirement already satisfied: six>=1.5 in /ailab/user/wangxuhong/.conda/envs/occformer/lib/python3.7/site-packages (from python-dateutil>=2.7->matplotlib->lyft_dataset_sdk->mmdet3d==0.17.1) (1.17.0)
Requirement already satisfied: oauthlib>=3.0.0 in /ailab/user/wangxuhong/.conda/envs/occformer/lib/python3.7/site-packages (from requests-oauthlib>=0.7.0->google-auth-oauthlib<0.5,>=0.4.1->tensorboard->mmdet3d==0.17.1) (3.2.2)
Requirement already satisfied: psutil in /ailab/user/wangxuhong/.conda/envs/occformer/lib/python3.7/site-packages (from ipykernel->jupyter->nuscenes-devkit->mmdet3d==0.17.1) (7.0.0)
Requirement already satisfied: debugpy>=1.0 in /ailab/user/wangxuhong/.conda/envs/occformer/lib/python3.7/site-packages (from ipykernel->jupyter->nuscenes-devkit->mmdet3d==0.17.1) (1.7.0)
Requirement already satisfied: jupyter-client>=6.1.12 in /ailab/user/wangxuhong/.conda/envs/occformer/lib/python3.7/site-packages (from ipykernel->jupyter->nuscenes-devkit->mmdet3d==0.17.1) (7.4.9)
Requirement already satisfied: nest-asyncio in /ailab/user/wangxuhong/.conda/envs/occformer/lib/python3.7/site-packages (from ipykernel->jupyter->nuscenes-devkit->mmdet3d==0.17.1) (1.6.0)
Requirement already satisfied: pyzmq>=17 in /ailab/user/wangxuhong/.conda/envs/occformer/lib/python3.7/site-packages (from ipykernel->jupyter->nuscenes-devkit->mmdet3d==0.17.1) (26.2.1)
Requirement already satisfied: traitlets>=5.1.0 in /ailab/user/wangxuhong/.conda/envs/occformer/lib/python3.7/site-packages (from ipykernel->jupyter->nuscenes-devkit->mmdet3d==0.17.1) (5.9.0)
Requirement already satisfied: ipython>=7.23.1 in /ailab/user/wangxuhong/.conda/envs/occformer/lib/python3.7/site-packages (from ipykernel->jupyter->nuscenes-devkit->mmdet3d==0.17.1) (7.34.0)
Requirement already satisfied: tornado>=6.1 in /ailab/user/wangxuhong/.conda/envs/occformer/lib/python3.7/site-packages (from ipykernel->jupyter->nuscenes-devkit->mmdet3d==0.17.1) (6.2)
Requirement already satisfied: matplotlib-inline>=0.1 in /ailab/user/wangxuhong/.conda/envs/occformer/lib/python3.7/site-packages (from ipykernel->jupyter->nuscenes-devkit->mmdet3d==0.17.1) (0.1.6)
Requirement already satisfied: widgetsnbextension~=4.0.12 in /ailab/user/wangxuhong/.conda/envs/occformer/lib/python3.7/site-packages (from ipywidgets->jupyter->nuscenes-devkit->mmdet3d==0.17.1) (4.0.13)
Requirement already satisfied: comm>=0.1.3 in /ailab/user/wangxuhong/.conda/envs/occformer/lib/python3.7/site-packages (from ipywidgets->jupyter->nuscenes-devkit->mmdet3d==0.17.1) (0.1.4)
Requirement already satisfied: jupyterlab-widgets~=3.0.12 in /ailab/user/wangxuhong/.conda/envs/occformer/lib/python3.7/site-packages (from ipywidgets->jupyter->nuscenes-devkit->mmdet3d==0.17.1) (3.0.13)
Requirement already satisfied: prompt-toolkit>=3.0.30 in /ailab/user/wangxuhong/.conda/envs/occformer/lib/python3.7/site-packages (from jupyter-console->jupyter->nuscenes-devkit->mmdet3d==0.17.1) (3.0.48)
Requirement already satisfied: pygments in /ailab/user/wangxuhong/.conda/envs/occformer/lib/python3.7/site-packages (from jupyter-console->jupyter->nuscenes-devkit->mmdet3d==0.17.1) (2.17.2)
Requirement already satisfied: jupyter-core!=5.0.*,>=4.12 in /ailab/user/wangxuhong/.conda/envs/occformer/lib/python3.7/site-packages (from jupyter-console->jupyter->nuscenes-devkit->mmdet3d==0.17.1) (4.12.0)
Requirement already satisfied: jupyter-server-ydoc~=0.8.0 in /ailab/user/wangxuhong/.conda/envs/occformer/lib/python3.7/site-packages (from jupyterlab->jupyter->nuscenes-devkit->mmdet3d==0.17.1) (0.8.0)
Requirement already satisfied: jupyter-ydoc~=0.2.4 in /ailab/user/wangxuhong/.conda/envs/occformer/lib/python3.7/site-packages (from jupyterlab->jupyter->nuscenes-devkit->mmdet3d==0.17.1) (0.2.5)
Requirement already satisfied: jinja2>=2.1 in /ailab/user/wangxuhong/.conda/envs/occformer/lib/python3.7/site-packages (from jupyterlab->jupyter->nuscenes-devkit->mmdet3d==0.17.1) (3.1.6)
Requirement already satisfied: jupyterlab-server~=2.19 in /ailab/user/wangxuhong/.conda/envs/occformer/lib/python3.7/site-packages (from jupyterlab->jupyter->nuscenes-devkit->mmdet3d==0.17.1) (2.24.0)
Requirement already satisfied: jupyter-server<3,>=1.16.0 in /ailab/user/wangxuhong/.conda/envs/occformer/lib/python3.7/site-packages (from jupyterlab->jupyter->nuscenes-devkit->mmdet3d==0.17.1) (1.24.0)
Requirement already satisfied: nbclassic in /ailab/user/wangxuhong/.conda/envs/occformer/lib/python3.7/site-packages (from jupyterlab->jupyter->nuscenes-devkit->mmdet3d==0.17.1) (1.2.0)
Requirement already satisfied: terminado>=0.8.3 in /ailab/user/wangxuhong/.conda/envs/occformer/lib/python3.7/site-packages (from notebook->jupyter->nuscenes-devkit->mmdet3d==0.17.1) (0.17.1)
Requirement already satisfied: nbformat in /ailab/user/wangxuhong/.conda/envs/occformer/lib/python3.7/site-packages (from notebook->jupyter->nuscenes-devkit->mmdet3d==0.17.1) (5.8.0)
Requirement already satisfied: prometheus-client in /ailab/user/wangxuhong/.conda/envs/occformer/lib/python3.7/site-packages (from notebook->jupyter->nuscenes-devkit->mmdet3d==0.17.1) (0.17.1)
Requirement already satisfied: argon2-cffi in /ailab/user/wangxuhong/.conda/envs/occformer/lib/python3.7/site-packages (from notebook->jupyter->nuscenes-devkit->mmdet3d==0.17.1) (23.1.0)
Requirement already satisfied: ipython-genutils in /ailab/user/wangxuhong/.conda/envs/occformer/lib/python3.7/site-packages (from notebook->jupyter->nuscenes-devkit->mmdet3d==0.17.1) (0.2.0)
Requirement already satisfied: Send2Trash>=1.8.0 in /ailab/user/wangxuhong/.conda/envs/occformer/lib/python3.7/site-packages (from notebook->jupyter->nuscenes-devkit->mmdet3d==0.17.1) (1.8.3)
Requirement already satisfied: pandocfilters>=1.4.1 in /ailab/user/wangxuhong/.conda/envs/occformer/lib/python3.7/site-packages (from nbconvert->jupyter->nuscenes-devkit->mmdet3d==0.17.1) (1.5.1)
Requirement already satisfied: beautifulsoup4 in /ailab/user/wangxuhong/.conda/envs/occformer/lib/python3.7/site-packages (from nbconvert->jupyter->nuscenes-devkit->mmdet3d==0.17.1) (4.13.3)
Requirement already satisfied: nbclient>=0.5.0 in /ailab/user/wangxuhong/.conda/envs/occformer/lib/python3.7/site-packages (from nbconvert->jupyter->nuscenes-devkit->mmdet3d==0.17.1) (0.7.4)
Requirement already satisfied: tinycss2 in /ailab/user/wangxuhong/.conda/envs/occformer/lib/python3.7/site-packages (from nbconvert->jupyter->nuscenes-devkit->mmdet3d==0.17.1) (1.2.1)
Requirement already satisfied: defusedxml in /ailab/user/wangxuhong/.conda/envs/occformer/lib/python3.7/site-packages (from nbconvert->jupyter->nuscenes-devkit->mmdet3d==0.17.1) (0.7.1)
Requirement already satisfied: mistune<4,>=2.0.3 in /ailab/user/wangxuhong/.conda/envs/occformer/lib/python3.7/site-packages (from nbconvert->jupyter->nuscenes-devkit->mmdet3d==0.17.1) (3.0.2)
Requirement already satisfied: jupyterlab-pygments in /ailab/user/wangxuhong/.conda/envs/occformer/lib/python3.7/site-packages (from nbconvert->jupyter->nuscenes-devkit->mmdet3d==0.17.1) (0.2.2)
Requirement already satisfied: bleach!=5.0.0 in /ailab/user/wangxuhong/.conda/envs/occformer/lib/python3.7/site-packages (from nbconvert->jupyter->nuscenes-devkit->mmdet3d==0.17.1) (6.0.0)
Requirement already satisfied: webencodings in /ailab/user/wangxuhong/.conda/envs/occformer/lib/python3.7/site-packages (from bleach!=5.0.0->nbconvert->jupyter->nuscenes-devkit->mmdet3d==0.17.1) (0.5.1)
Requirement already satisfied: pexpect>4.3 in /ailab/user/wangxuhong/.conda/envs/occformer/lib/python3.7/site-packages (from ipython>=7.23.1->ipykernel->jupyter->nuscenes-devkit->mmdet3d==0.17.1) (4.9.0)
Requirement already satisfied: pickleshare in /ailab/user/wangxuhong/.conda/envs/occformer/lib/python3.7/site-packages (from ipython>=7.23.1->ipykernel->jupyter->nuscenes-devkit->mmdet3d==0.17.1) (0.7.5)
Requirement already satisfied: backcall in /ailab/user/wangxuhong/.conda/envs/occformer/lib/python3.7/site-packages (from ipython>=7.23.1->ipykernel->jupyter->nuscenes-devkit->mmdet3d==0.17.1) (0.2.0)
Requirement already satisfied: jedi>=0.16 in /ailab/user/wangxuhong/.conda/envs/occformer/lib/python3.7/site-packages (from ipython>=7.23.1->ipykernel->jupyter->nuscenes-devkit->mmdet3d==0.17.1) (0.19.2)
Requirement already satisfied: entrypoints in /ailab/user/wangxuhong/.conda/envs/occformer/lib/python3.7/site-packages (from jupyter-client>=6.1.12->ipykernel->jupyter->nuscenes-devkit->mmdet3d==0.17.1) (0.4)
Requirement already satisfied: anyio<4,>=3.1.0 in /ailab/user/wangxuhong/.conda/envs/occformer/lib/python3.7/site-packages (from jupyter-server<3,>=1.16.0->jupyterlab->jupyter->nuscenes-devkit->mmdet3d==0.17.1) (3.7.1)
Requirement already satisfied: websocket-client in /ailab/user/wangxuhong/.conda/envs/occformer/lib/python3.7/site-packages (from jupyter-server<3,>=1.16.0->jupyterlab->jupyter->nuscenes-devkit->mmdet3d==0.17.1) (1.6.1)
Requirement already satisfied: ypy-websocket<0.9.0,>=0.8.2 in /ailab/user/wangxuhong/.conda/envs/occformer/lib/python3.7/site-packages (from jupyter-server-ydoc~=0.8.0->jupyterlab->jupyter->nuscenes-devkit->mmdet3d==0.17.1) (0.8.4)
Requirement already satisfied: jupyter-server-fileid<1,>=0.6.0 in /ailab/user/wangxuhong/.conda/envs/occformer/lib/python3.7/site-packages (from jupyter-server-ydoc~=0.8.0->jupyterlab->jupyter->nuscenes-devkit->mmdet3d==0.17.1) (0.9.3)
Requirement already satisfied: y-py<0.7.0,>=0.6.0 in /ailab/user/wangxuhong/.conda/envs/occformer/lib/python3.7/site-packages (from jupyter-ydoc~=0.2.4->jupyterlab->jupyter->nuscenes-devkit->mmdet3d==0.17.1) (0.6.2)
Requirement already satisfied: jsonschema>=4.17.3 in /ailab/user/wangxuhong/.conda/envs/occformer/lib/python3.7/site-packages (from jupyterlab-server~=2.19->jupyterlab->jupyter->nuscenes-devkit->mmdet3d==0.17.1) (4.17.3)
Requirement already satisfied: json5>=0.9.0 in /ailab/user/wangxuhong/.conda/envs/occformer/lib/python3.7/site-packages (from jupyterlab-server~=2.19->jupyterlab->jupyter->nuscenes-devkit->mmdet3d==0.17.1) (0.9.16)
Requirement already satisfied: babel>=2.10 in /ailab/user/wangxuhong/.conda/envs/occformer/lib/python3.7/site-packages (from jupyterlab-server~=2.19->jupyterlab->jupyter->nuscenes-devkit->mmdet3d==0.17.1) (2.14.0)
Requirement already satisfied: notebook-shim>=0.2.3 in /ailab/user/wangxuhong/.conda/envs/occformer/lib/python3.7/site-packages (from nbclassic->jupyterlab->jupyter->nuscenes-devkit->mmdet3d==0.17.1) (0.2.4)
Requirement already satisfied: fastjsonschema in /ailab/user/wangxuhong/.conda/envs/occformer/lib/python3.7/site-packages (from nbformat->notebook->jupyter->nuscenes-devkit->mmdet3d==0.17.1) (2.21.1)
Requirement already satisfied: wcwidth in /ailab/user/wangxuhong/.conda/envs/occformer/lib/python3.7/site-packages (from prompt-toolkit>=3.0.30->jupyter-console->jupyter->nuscenes-devkit->mmdet3d==0.17.1) (0.2.13)
Requirement already satisfied: ptyprocess in /ailab/user/wangxuhong/.conda/envs/occformer/lib/python3.7/site-packages (from terminado>=0.8.3->notebook->jupyter->nuscenes-devkit->mmdet3d==0.17.1) (0.7.0)
Requirement already satisfied: argon2-cffi-bindings in /ailab/user/wangxuhong/.conda/envs/occformer/lib/python3.7/site-packages (from argon2-cffi->notebook->jupyter->nuscenes-devkit->mmdet3d==0.17.1) (21.2.0)
Requirement already satisfied: soupsieve>1.2 in /ailab/user/wangxuhong/.conda/envs/occformer/lib/python3.7/site-packages (from beautifulsoup4->nbconvert->jupyter->nuscenes-devkit->mmdet3d==0.17.1) (2.4.1)
Requirement already satisfied: sniffio>=1.1 in /ailab/user/wangxuhong/.conda/envs/occformer/lib/python3.7/site-packages (from anyio<4,>=3.1.0->jupyter-server<3,>=1.16.0->jupyterlab->jupyter->nuscenes-devkit->mmdet3d==0.17.1) (1.3.1)
Requirement already satisfied: parso<0.9.0,>=0.8.4 in /ailab/user/wangxuhong/.conda/envs/occformer/lib/python3.7/site-packages (from jedi>=0.16->ipython>=7.23.1->ipykernel->jupyter->nuscenes-devkit->mmdet3d==0.17.1) (0.8.4)
Requirement already satisfied: pkgutil-resolve-name>=1.3.10 in /ailab/user/wangxuhong/.conda/envs/occformer/lib/python3.7/site-packages (from jsonschema>=4.17.3->jupyterlab-server~=2.19->jupyterlab->jupyter->nuscenes-devkit->mmdet3d==0.17.1) (1.3.10)
Requirement already satisfied: pyrsistent!=0.17.0,!=0.17.1,!=0.17.2,>=0.14.0 in /ailab/user/wangxuhong/.conda/envs/occformer/lib/python3.7/site-packages (from jsonschema>=4.17.3->jupyterlab-server~=2.19->jupyterlab->jupyter->nuscenes-devkit->mmdet3d==0.17.1) (0.19.3)
Requirement already satisfied: attrs>=17.4.0 in /ailab/user/wangxuhong/.conda/envs/occformer/lib/python3.7/site-packages (from jsonschema>=4.17.3->jupyterlab-server~=2.19->jupyterlab->jupyter->nuscenes-devkit->mmdet3d==0.17.1) (24.2.0)
Requirement already satisfied: importlib-resources>=1.4.0 in /ailab/user/wangxuhong/.conda/envs/occformer/lib/python3.7/site-packages (from jsonschema>=4.17.3->jupyterlab-server~=2.19->jupyterlab->jupyter->nuscenes-devkit->mmdet3d==0.17.1) (5.12.0)
Requirement already satisfied: jupyter-events>=0.5.0 in /ailab/user/wangxuhong/.conda/envs/occformer/lib/python3.7/site-packages (from jupyter-server-fileid<1,>=0.6.0->jupyter-server-ydoc~=0.8.0->jupyterlab->jupyter->nuscenes-devkit->mmdet3d==0.17.1) (0.6.3)
Requirement already satisfied: aiosqlite<1,>=0.17.0 in /ailab/user/wangxuhong/.conda/envs/occformer/lib/python3.7/site-packages (from ypy-websocket<0.9.0,>=0.8.2->jupyter-server-ydoc~=0.8.0->jupyterlab->jupyter->nuscenes-devkit->mmdet3d==0.17.1) (0.19.0)
Requirement already satisfied: aiofiles<23,>=22.1.0 in /ailab/user/wangxuhong/.conda/envs/occformer/lib/python3.7/site-packages (from ypy-websocket<0.9.0,>=0.8.2->jupyter-server-ydoc~=0.8.0->jupyterlab->jupyter->nuscenes-devkit->mmdet3d==0.17.1) (22.1.0)
Requirement already satisfied: cffi>=1.0.1 in /ailab/user/wangxuhong/.conda/envs/occformer/lib/python3.7/site-packages (from argon2-cffi-bindings->argon2-cffi->notebook->jupyter->nuscenes-devkit->mmdet3d==0.17.1) (1.15.1)
Requirement already satisfied: pycparser in /ailab/user/wangxuhong/.conda/envs/occformer/lib/python3.7/site-packages (from cffi>=1.0.1->argon2-cffi-bindings->argon2-cffi->notebook->jupyter->nuscenes-devkit->mmdet3d==0.17.1) (2.21)
Requirement already satisfied: rfc3339-validator in /ailab/user/wangxuhong/.conda/envs/occformer/lib/python3.7/site-packages (from jupyter-events>=0.5.0->jupyter-server-fileid<1,>=0.6.0->jupyter-server-ydoc~=0.8.0->jupyterlab->jupyter->nuscenes-devkit->mmdet3d==0.17.1) (0.1.4)
Requirement already satisfied: rfc3986-validator>=0.1.1 in /ailab/user/wangxuhong/.conda/envs/occformer/lib/python3.7/site-packages (from jupyter-events>=0.5.0->jupyter-server-fileid<1,>=0.6.0->jupyter-server-ydoc~=0.8.0->jupyterlab->jupyter->nuscenes-devkit->mmdet3d==0.17.1) (0.1.1)
Requirement already satisfied: pyyaml>=5.3 in /ailab/user/wangxuhong/.conda/envs/occformer/lib/python3.7/site-packages (from jupyter-events>=0.5.0->jupyter-server-fileid<1,>=0.6.0->jupyter-server-ydoc~=0.8.0->jupyterlab->jupyter->nuscenes-devkit->mmdet3d==0.17.1) (6.0.1)
Requirement already satisfied: python-json-logger>=2.0.4 in /ailab/user/wangxuhong/.conda/envs/occformer/lib/python3.7/site-packages (from jupyter-events>=0.5.0->jupyter-server-fileid<1,>=0.6.0->jupyter-server-ydoc~=0.8.0->jupyterlab->jupyter->nuscenes-devkit->mmdet3d==0.17.1) (3.0.1)
Requirement already satisfied: isoduration in /ailab/user/wangxuhong/.conda/envs/occformer/lib/python3.7/site-packages (from jsonschema>=4.17.3->jupyterlab-server~=2.19->jupyterlab->jupyter->nuscenes-devkit->mmdet3d==0.17.1) (20.11.0)
Requirement already satisfied: jsonpointer>1.13 in /ailab/user/wangxuhong/.conda/envs/occformer/lib/python3.7/site-packages (from jsonschema>=4.17.3->jupyterlab-server~=2.19->jupyterlab->jupyter->nuscenes-devkit->mmdet3d==0.17.1) (3.0.0)
Requirement already satisfied: webcolors>=1.11 in /ailab/user/wangxuhong/.conda/envs/occformer/lib/python3.7/site-packages (from jsonschema>=4.17.3->jupyterlab-server~=2.19->jupyterlab->jupyter->nuscenes-devkit->mmdet3d==0.17.1) (1.13)
Requirement already satisfied: fqdn in /ailab/user/wangxuhong/.conda/envs/occformer/lib/python3.7/site-packages (from jsonschema>=4.17.3->jupyterlab-server~=2.19->jupyterlab->jupyter->nuscenes-devkit->mmdet3d==0.17.1) (1.5.1)
Requirement already satisfied: uri-template in /ailab/user/wangxuhong/.conda/envs/occformer/lib/python3.7/site-packages (from jsonschema>=4.17.3->jupyterlab-server~=2.19->jupyterlab->jupyter->nuscenes-devkit->mmdet3d==0.17.1) (1.3.0)
Requirement already satisfied: cached-property>=1.3.0 in /ailab/user/wangxuhong/.conda/envs/occformer/lib/python3.7/site-packages (from fqdn->jsonschema>=4.17.3->jupyterlab-server~=2.19->jupyterlab->jupyter->nuscenes-devkit->mmdet3d==0.17.1) (1.5.2)
Requirement already satisfied: arrow>=0.15.0 in /ailab/user/wangxuhong/.conda/envs/occformer/lib/python3.7/site-packages (from isoduration->jsonschema>=4.17.3->jupyterlab-server~=2.19->jupyterlab->jupyter->nuscenes-devkit->mmdet3d==0.17.1) (1.2.3)
Installing collected packages: mmdet3d
  Running setup.py develop for mmdet3d
    Running command python setup.py develop
    running develop
    /ailab/user/wangxuhong/.conda/envs/occformer/lib/python3.7/site-packages/setuptools/command/easy_install.py:147: EasyInstallDeprecationWarning: easy_install command is deprecated. Use build and pip and other standards-based tools.
      EasyInstallDeprecationWarning,
    /ailab/user/wangxuhong/.conda/envs/occformer/lib/python3.7/site-packages/setuptools/command/install.py:37: SetuptoolsDeprecationWarning: setup.py install is deprecated. Use build and pip and other standards-based tools.
      setuptools.SetuptoolsDeprecationWarning,
    running egg_info
    writing mmdet3d.egg-info/PKG-INFO
    writing dependency_links to mmdet3d.egg-info/dependency_links.txt
    writing requirements to mmdet3d.egg-info/requires.txt
    writing top-level names to mmdet3d.egg-info/top_level.txt
    reading manifest file 'mmdet3d.egg-info/SOURCES.txt'
    reading manifest template 'MANIFEST.in'
    warning: no files found matching '*.cpp' under directory 'mmdet3d/.mim/ops'
    warning: no files found matching '*.cu' under directory 'mmdet3d/.mim/ops'
    warning: no files found matching '*.h' under directory 'mmdet3d/.mim/ops'
    warning: no files found matching '*.cc' under directory 'mmdet3d/.mim/ops'
    adding license file 'LICENSE'
    writing manifest file 'mmdet3d.egg-info/SOURCES.txt'
    running build_ext
    /ailab/user/wangxuhong/.conda/envs/occformer/lib/python3.7/site-packages/torch/utils/cpp_extension.py:782: UserWarning: The detected CUDA version (11.8) has a minor version mismatch with the version that was used to compile PyTorch (11.3). Most likely this shouldn't be a problem.
      warnings.warn(CUDA_MISMATCH_WARN.format(cuda_str_version, torch.version.cuda))
    building 'mmdet3d.ops.spconv.sparse_conv_ext' extension
    creating /ailab/user/wangxuhong/yuqiucheng/OccFormer-main/mmdetection3d/build/temp.linux-x86_64-cpython-37
    creating /ailab/user/wangxuhong/yuqiucheng/OccFormer-main/mmdetection3d/build/temp.linux-x86_64-cpython-37/mmdet3d
    creating /ailab/user/wangxuhong/yuqiucheng/OccFormer-main/mmdetection3d/build/temp.linux-x86_64-cpython-37/mmdet3d/ops
    creating /ailab/user/wangxuhong/yuqiucheng/OccFormer-main/mmdetection3d/build/temp.linux-x86_64-cpython-37/mmdet3d/ops/spconv
    creating /ailab/user/wangxuhong/yuqiucheng/OccFormer-main/mmdetection3d/build/temp.linux-x86_64-cpython-37/mmdet3d/ops/spconv/src
    Emitting ninja build file /ailab/user/wangxuhong/yuqiucheng/OccFormer-main/mmdetection3d/build/temp.linux-x86_64-cpython-37/build.ninja...
    Compiling objects...
    Allowing ninja to set a default number of workers... (overridable by setting the environment variable MAX_JOBS=N)
    [1/7] c++ -MMD -MF /ailab/user/wangxuhong/yuqiucheng/OccFormer-main/mmdetection3d/build/temp.linux-x86_64-cpython-37/mmdet3d/ops/spconv/src/reordering.o.d -pthread -B /ailab/user/wangxuhong/.conda/envs/occformer/compiler_compat -Wl,--sysroot=/ -Wsign-compare -DNDEBUG -g -fwrapv -O3 -Wall -Wstrict-prototypes -fPIC -DWITH_CUDA -I/ailab/user/wangxuhong/yuqiucheng/OccFormer-main/mmdetection3d/mmdet3d/ops/spconv/include -I/ailab/user/wangxuhong/.conda/envs/occformer/lib/python3.7/site-packages/torch/include -I/ailab/user/wangxuhong/.conda/envs/occformer/lib/python3.7/site-packages/torch/include/torch/csrc/api/include -I/ailab/user/wangxuhong/.conda/envs/occformer/lib/python3.7/site-packages/torch/include/TH -I/ailab/user/wangxuhong/.conda/envs/occformer/lib/python3.7/site-packages/torch/include/THC -I/ailab/apps/cuda/11.8/include -I/ailab/user/wangxuhong/.conda/envs/occformer/include/python3.7m -c -c /ailab/user/wangxuhong/yuqiucheng/OccFormer-main/mmdetection3d/mmdet3d/ops/spconv/src/reordering.cc -o /ailab/user/wangxuhong/yuqiucheng/OccFormer-main/mmdetection3d/build/temp.linux-x86_64-cpython-37/mmdet3d/ops/spconv/src/reordering.o -w -std=c++14 -DTORCH_API_INCLUDE_EXTENSION_H '-DPYBIND11_COMPILER_TYPE="_gcc"' '-DPYBIND11_STDLIB="_libstdcpp"' '-DPYBIND11_BUILD_ABI="_cxxabi1011"' -DTORCH_EXTENSION_NAME=sparse_conv_ext -D_GLIBCXX_USE_CXX11_ABI=0
    cc1plus: warning: command line option ‘-Wstrict-prototypes’ is valid for C/ObjC but not for C++
    [2/7] c++ -MMD -MF /ailab/user/wangxuhong/yuqiucheng/OccFormer-main/mmdetection3d/build/temp.linux-x86_64-cpython-37/mmdet3d/ops/spconv/src/maxpool.o.d -pthread -B /ailab/user/wangxuhong/.conda/envs/occformer/compiler_compat -Wl,--sysroot=/ -Wsign-compare -DNDEBUG -g -fwrapv -O3 -Wall -Wstrict-prototypes -fPIC -DWITH_CUDA -I/ailab/user/wangxuhong/yuqiucheng/OccFormer-main/mmdetection3d/mmdet3d/ops/spconv/include -I/ailab/user/wangxuhong/.conda/envs/occformer/lib/python3.7/site-packages/torch/include -I/ailab/user/wangxuhong/.conda/envs/occformer/lib/python3.7/site-packages/torch/include/torch/csrc/api/include -I/ailab/user/wangxuhong/.conda/envs/occformer/lib/python3.7/site-packages/torch/include/TH -I/ailab/user/wangxuhong/.conda/envs/occformer/lib/python3.7/site-packages/torch/include/THC -I/ailab/apps/cuda/11.8/include -I/ailab/user/wangxuhong/.conda/envs/occformer/include/python3.7m -c -c /ailab/user/wangxuhong/yuqiucheng/OccFormer-main/mmdetection3d/mmdet3d/ops/spconv/src/maxpool.cc -o /ailab/user/wangxuhong/yuqiucheng/OccFormer-main/mmdetection3d/build/temp.linux-x86_64-cpython-37/mmdet3d/ops/spconv/src/maxpool.o -w -std=c++14 -DTORCH_API_INCLUDE_EXTENSION_H '-DPYBIND11_COMPILER_TYPE="_gcc"' '-DPYBIND11_STDLIB="_libstdcpp"' '-DPYBIND11_BUILD_ABI="_cxxabi1011"' -DTORCH_EXTENSION_NAME=sparse_conv_ext -D_GLIBCXX_USE_CXX11_ABI=0
    cc1plus: warning: command line option ‘-Wstrict-prototypes’ is valid for C/ObjC but not for C++
    [3/7] c++ -MMD -MF /ailab/user/wangxuhong/yuqiucheng/OccFormer-main/mmdetection3d/build/temp.linux-x86_64-cpython-37/mmdet3d/ops/spconv/src/indice.o.d -pthread -B /ailab/user/wangxuhong/.conda/envs/occformer/compiler_compat -Wl,--sysroot=/ -Wsign-compare -DNDEBUG -g -fwrapv -O3 -Wall -Wstrict-prototypes -fPIC -DWITH_CUDA -I/ailab/user/wangxuhong/yuqiucheng/OccFormer-main/mmdetection3d/mmdet3d/ops/spconv/include -I/ailab/user/wangxuhong/.conda/envs/occformer/lib/python3.7/site-packages/torch/include -I/ailab/user/wangxuhong/.conda/envs/occformer/lib/python3.7/site-packages/torch/include/torch/csrc/api/include -I/ailab/user/wangxuhong/.conda/envs/occformer/lib/python3.7/site-packages/torch/include/TH -I/ailab/user/wangxuhong/.conda/envs/occformer/lib/python3.7/site-packages/torch/include/THC -I/ailab/apps/cuda/11.8/include -I/ailab/user/wangxuhong/.conda/envs/occformer/include/python3.7m -c -c /ailab/user/wangxuhong/yuqiucheng/OccFormer-main/mmdetection3d/mmdet3d/ops/spconv/src/indice.cc -o /ailab/user/wangxuhong/yuqiucheng/OccFormer-main/mmdetection3d/build/temp.linux-x86_64-cpython-37/mmdet3d/ops/spconv/src/indice.o -w -std=c++14 -DTORCH_API_INCLUDE_EXTENSION_H '-DPYBIND11_COMPILER_TYPE="_gcc"' '-DPYBIND11_STDLIB="_libstdcpp"' '-DPYBIND11_BUILD_ABI="_cxxabi1011"' -DTORCH_EXTENSION_NAME=sparse_conv_ext -D_GLIBCXX_USE_CXX11_ABI=0
    cc1plus: warning: command line option ‘-Wstrict-prototypes’ is valid for C/ObjC but not for C++
    [4/7] /ailab/apps/cuda/11.8/bin/nvcc  -DWITH_CUDA -I/ailab/user/wangxuhong/yuqiucheng/OccFormer-main/mmdetection3d/mmdet3d/ops/spconv/include -I/ailab/user/wangxuhong/.conda/envs/occformer/lib/python3.7/site-packages/torch/include -I/ailab/user/wangxuhong/.conda/envs/occformer/lib/python3.7/site-packages/torch/include/torch/csrc/api/include -I/ailab/user/wangxuhong/.conda/envs/occformer/lib/python3.7/site-packages/torch/include/TH -I/ailab/user/wangxuhong/.conda/envs/occformer/lib/python3.7/site-packages/torch/include/THC -I/ailab/apps/cuda/11.8/include -I/ailab/user/wangxuhong/.conda/envs/occformer/include/python3.7m -c -c /ailab/user/wangxuhong/yuqiucheng/OccFormer-main/mmdetection3d/mmdet3d/ops/spconv/src/indice_cuda.cu -o /ailab/user/wangxuhong/yuqiucheng/OccFormer-main/mmdetection3d/build/temp.linux-x86_64-cpython-37/mmdet3d/ops/spconv/src/indice_cuda.o -D__CUDA_NO_HALF_OPERATORS__ -D__CUDA_NO_HALF_CONVERSIONS__ -D__CUDA_NO_BFLOAT16_CONVERSIONS__ -D__CUDA_NO_HALF2_OPERATORS__ --expt-relaxed-constexpr --compiler-options ''"'"'-fPIC'"'"'' -w -std=c++14 -D__CUDA_NO_HALF_OPERATORS__ -D__CUDA_NO_HALF_CONVERSIONS__ -D__CUDA_NO_HALF2_OPERATORS__ -DTORCH_API_INCLUDE_EXTENSION_H '-DPYBIND11_COMPILER_TYPE="_gcc"' '-DPYBIND11_STDLIB="_libstdcpp"' '-DPYBIND11_BUILD_ABI="_cxxabi1011"' -DTORCH_EXTENSION_NAME=sparse_conv_ext -D_GLIBCXX_USE_CXX11_ABI=0 -gencode=arch=compute_86,code=compute_86 -gencode=arch=compute_86,code=sm_86
    [5/7] /ailab/apps/cuda/11.8/bin/nvcc  -DWITH_CUDA -I/ailab/user/wangxuhong/yuqiucheng/OccFormer-main/mmdetection3d/mmdet3d/ops/spconv/include -I/ailab/user/wangxuhong/.conda/envs/occformer/lib/python3.7/site-packages/torch/include -I/ailab/user/wangxuhong/.conda/envs/occformer/lib/python3.7/site-packages/torch/include/torch/csrc/api/include -I/ailab/user/wangxuhong/.conda/envs/occformer/lib/python3.7/site-packages/torch/include/TH -I/ailab/user/wangxuhong/.conda/envs/occformer/lib/python3.7/site-packages/torch/include/THC -I/ailab/apps/cuda/11.8/include -I/ailab/user/wangxuhong/.conda/envs/occformer/include/python3.7m -c -c /ailab/user/wangxuhong/yuqiucheng/OccFormer-main/mmdetection3d/mmdet3d/ops/spconv/src/reordering_cuda.cu -o /ailab/user/wangxuhong/yuqiucheng/OccFormer-main/mmdetection3d/build/temp.linux-x86_64-cpython-37/mmdet3d/ops/spconv/src/reordering_cuda.o -D__CUDA_NO_HALF_OPERATORS__ -D__CUDA_NO_HALF_CONVERSIONS__ -D__CUDA_NO_BFLOAT16_CONVERSIONS__ -D__CUDA_NO_HALF2_OPERATORS__ --expt-relaxed-constexpr --compiler-options ''"'"'-fPIC'"'"'' -w -std=c++14 -D__CUDA_NO_HALF_OPERATORS__ -D__CUDA_NO_HALF_CONVERSIONS__ -D__CUDA_NO_HALF2_OPERATORS__ -DTORCH_API_INCLUDE_EXTENSION_H '-DPYBIND11_COMPILER_TYPE="_gcc"' '-DPYBIND11_STDLIB="_libstdcpp"' '-DPYBIND11_BUILD_ABI="_cxxabi1011"' -DTORCH_EXTENSION_NAME=sparse_conv_ext -D_GLIBCXX_USE_CXX11_ABI=0 -gencode=arch=compute_86,code=compute_86 -gencode=arch=compute_86,code=sm_86
    [6/7] /ailab/apps/cuda/11.8/bin/nvcc  -DWITH_CUDA -I/ailab/user/wangxuhong/yuqiucheng/OccFormer-main/mmdetection3d/mmdet3d/ops/spconv/include -I/ailab/user/wangxuhong/.conda/envs/occformer/lib/python3.7/site-packages/torch/include -I/ailab/user/wangxuhong/.conda/envs/occformer/lib/python3.7/site-packages/torch/include/torch/csrc/api/include -I/ailab/user/wangxuhong/.conda/envs/occformer/lib/python3.7/site-packages/torch/include/TH -I/ailab/user/wangxuhong/.conda/envs/occformer/lib/python3.7/site-packages/torch/include/THC -I/ailab/apps/cuda/11.8/include -I/ailab/user/wangxuhong/.conda/envs/occformer/include/python3.7m -c -c /ailab/user/wangxuhong/yuqiucheng/OccFormer-main/mmdetection3d/mmdet3d/ops/spconv/src/maxpool_cuda.cu -o /ailab/user/wangxuhong/yuqiucheng/OccFormer-main/mmdetection3d/build/temp.linux-x86_64-cpython-37/mmdet3d/ops/spconv/src/maxpool_cuda.o -D__CUDA_NO_HALF_OPERATORS__ -D__CUDA_NO_HALF_CONVERSIONS__ -D__CUDA_NO_BFLOAT16_CONVERSIONS__ -D__CUDA_NO_HALF2_OPERATORS__ --expt-relaxed-constexpr --compiler-options ''"'"'-fPIC'"'"'' -w -std=c++14 -D__CUDA_NO_HALF_OPERATORS__ -D__CUDA_NO_HALF_CONVERSIONS__ -D__CUDA_NO_HALF2_OPERATORS__ -DTORCH_API_INCLUDE_EXTENSION_H '-DPYBIND11_COMPILER_TYPE="_gcc"' '-DPYBIND11_STDLIB="_libstdcpp"' '-DPYBIND11_BUILD_ABI="_cxxabi1011"' -DTORCH_EXTENSION_NAME=sparse_conv_ext -D_GLIBCXX_USE_CXX11_ABI=0 -gencode=arch=compute_86,code=compute_86 -gencode=arch=compute_86,code=sm_86
    [7/7] c++ -MMD -MF /ailab/user/wangxuhong/yuqiucheng/OccFormer-main/mmdetection3d/build/temp.linux-x86_64-cpython-37/mmdet3d/ops/spconv/src/all.o.d -pthread -B /ailab/user/wangxuhong/.conda/envs/occformer/compiler_compat -Wl,--sysroot=/ -Wsign-compare -DNDEBUG -g -fwrapv -O3 -Wall -Wstrict-prototypes -fPIC -DWITH_CUDA -I/ailab/user/wangxuhong/yuqiucheng/OccFormer-main/mmdetection3d/mmdet3d/ops/spconv/include -I/ailab/user/wangxuhong/.conda/envs/occformer/lib/python3.7/site-packages/torch/include -I/ailab/user/wangxuhong/.conda/envs/occformer/lib/python3.7/site-packages/torch/include/torch/csrc/api/include -I/ailab/user/wangxuhong/.conda/envs/occformer/lib/python3.7/site-packages/torch/include/TH -I/ailab/user/wangxuhong/.conda/envs/occformer/lib/python3.7/site-packages/torch/include/THC -I/ailab/apps/cuda/11.8/include -I/ailab/user/wangxuhong/.conda/envs/occformer/include/python3.7m -c -c /ailab/user/wangxuhong/yuqiucheng/OccFormer-main/mmdetection3d/mmdet3d/ops/spconv/src/all.cc -o /ailab/user/wangxuhong/yuqiucheng/OccFormer-main/mmdetection3d/build/temp.linux-x86_64-cpython-37/mmdet3d/ops/spconv/src/all.o -w -std=c++14 -DTORCH_API_INCLUDE_EXTENSION_H '-DPYBIND11_COMPILER_TYPE="_gcc"' '-DPYBIND11_STDLIB="_libstdcpp"' '-DPYBIND11_BUILD_ABI="_cxxabi1011"' -DTORCH_EXTENSION_NAME=sparse_conv_ext -D_GLIBCXX_USE_CXX11_ABI=0
    cc1plus: warning: command line option ‘-Wstrict-prototypes’ is valid for C/ObjC but not for C++
    g++ -pthread -B /ailab/user/wangxuhong/.conda/envs/occformer/compiler_compat -Wl,--sysroot=/ -pthread -shared -B /ailab/user/wangxuhong/.conda/envs/occformer/compiler_compat -L/ailab/user/wangxuhong/.conda/envs/occformer/lib -Wl,-rpath=/ailab/user/wangxuhong/.conda/envs/occformer/lib -Wl,--no-as-needed -Wl,--sysroot=/ /ailab/user/wangxuhong/yuqiucheng/OccFormer-main/mmdetection3d/build/temp.linux-x86_64-cpython-37/mmdet3d/ops/spconv/src/all.o /ailab/user/wangxuhong/yuqiucheng/OccFormer-main/mmdetection3d/build/temp.linux-x86_64-cpython-37/mmdet3d/ops/spconv/src/indice.o /ailab/user/wangxuhong/yuqiucheng/OccFormer-main/mmdetection3d/build/temp.linux-x86_64-cpython-37/mmdet3d/ops/spconv/src/indice_cuda.o /ailab/user/wangxuhong/yuqiucheng/OccFormer-main/mmdetection3d/build/temp.linux-x86_64-cpython-37/mmdet3d/ops/spconv/src/maxpool.o /ailab/user/wangxuhong/yuqiucheng/OccFormer-main/mmdetection3d/build/temp.linux-x86_64-cpython-37/mmdet3d/ops/spconv/src/maxpool_cuda.o /ailab/user/wangxuhong/yuqiucheng/OccFormer-main/mmdetection3d/build/temp.linux-x86_64-cpython-37/mmdet3d/ops/spconv/src/reordering.o /ailab/user/wangxuhong/yuqiucheng/OccFormer-main/mmdetection3d/build/temp.linux-x86_64-cpython-37/mmdet3d/ops/spconv/src/reordering_cuda.o -L/ailab/user/wangxuhong/.conda/envs/occformer/lib/python3.7/site-packages/torch/lib -L/ailab/apps/cuda/11.8/lib64 -lc10 -ltorch -ltorch_cpu -ltorch_python -lcudart -lc10_cuda -ltorch_cuda_cu -ltorch_cuda_cpp -o build/lib.linux-x86_64-cpython-37/mmdet3d/ops/spconv/sparse_conv_ext.cpython-37m-x86_64-linux-gnu.so
    building 'mmdet3d.ops.iou3d.iou3d_cuda' extension
    creating /ailab/user/wangxuhong/yuqiucheng/OccFormer-main/mmdetection3d/build/temp.linux-x86_64-cpython-37/mmdet3d/ops/iou3d
    creating /ailab/user/wangxuhong/yuqiucheng/OccFormer-main/mmdetection3d/build/temp.linux-x86_64-cpython-37/mmdet3d/ops/iou3d/src
    Emitting ninja build file /ailab/user/wangxuhong/yuqiucheng/OccFormer-main/mmdetection3d/build/temp.linux-x86_64-cpython-37/build.ninja...
    Compiling objects...
    Allowing ninja to set a default number of workers... (overridable by setting the environment variable MAX_JOBS=N)
    [1/2] /ailab/apps/cuda/11.8/bin/nvcc  -DWITH_CUDA -I/ailab/user/wangxuhong/.conda/envs/occformer/lib/python3.7/site-packages/torch/include -I/ailab/user/wangxuhong/.conda/envs/occformer/lib/python3.7/site-packages/torch/include/torch/csrc/api/include -I/ailab/user/wangxuhong/.conda/envs/occformer/lib/python3.7/site-packages/torch/include/TH -I/ailab/user/wangxuhong/.conda/envs/occformer/lib/python3.7/site-packages/torch/include/THC -I/ailab/apps/cuda/11.8/include -I/ailab/user/wangxuhong/.conda/envs/occformer/lib/python3.7/site-packages/torch/include -I/ailab/user/wangxuhong/.conda/envs/occformer/lib/python3.7/site-packages/torch/include/torch/csrc/api/include -I/ailab/user/wangxuhong/.conda/envs/occformer/lib/python3.7/site-packages/torch/include/TH -I/ailab/user/wangxuhong/.conda/envs/occformer/lib/python3.7/site-packages/torch/include/THC -I/ailab/apps/cuda/11.8/include -I/ailab/user/wangxuhong/.conda/envs/occformer/lib/python3.7/site-packages/torch/include -I/ailab/user/wangxuhong/.conda/envs/occformer/lib/python3.7/site-packages/torch/include/torch/csrc/api/include -I/ailab/user/wangxuhong/.conda/envs/occformer/lib/python3.7/site-packages/torch/include/TH -I/ailab/user/wangxuhong/.conda/envs/occformer/lib/python3.7/site-packages/torch/include/THC -I/ailab/apps/cuda/11.8/include -I/ailab/user/wangxuhong/.conda/envs/occformer/lib/python3.7/site-packages/torch/include -I/ailab/user/wangxuhong/.conda/envs/occformer/lib/python3.7/site-packages/torch/include/torch/csrc/api/include -I/ailab/user/wangxuhong/.conda/envs/occformer/lib/python3.7/site-packages/torch/include/TH -I/ailab/user/wangxuhong/.conda/envs/occformer/lib/python3.7/site-packages/torch/include/THC -I/ailab/apps/cuda/11.8/include -I/ailab/user/wangxuhong/.conda/envs/occformer/lib/python3.7/site-packages/torch/include -I/ailab/user/wangxuhong/.conda/envs/occformer/lib/python3.7/site-packages/torch/include/torch/csrc/api/include -I/ailab/user/wangxuhong/.conda/envs/occformer/lib/python3.7/site-packages/torch/include/TH -I/ailab/user/wangxuhong/.conda/envs/occformer/lib/python3.7/site-packages/torch/include/THC -I/ailab/apps/cuda/11.8/include -I/ailab/user/wangxuhong/.conda/envs/occformer/lib/python3.7/site-packages/torch/include -I/ailab/user/wangxuhong/.conda/envs/occformer/lib/python3.7/site-packages/torch/include/torch/csrc/api/include -I/ailab/user/wangxuhong/.conda/envs/occformer/lib/python3.7/site-packages/torch/include/TH -I/ailab/user/wangxuhong/.conda/envs/occformer/lib/python3.7/site-packages/torch/include/THC -I/ailab/apps/cuda/11.8/include -I/ailab/user/wangxuhong/.conda/envs/occformer/lib/python3.7/site-packages/torch/include -I/ailab/user/wangxuhong/.conda/envs/occformer/lib/python3.7/site-packages/torch/include/torch/csrc/api/include -I/ailab/user/wangxuhong/.conda/envs/occformer/lib/python3.7/site-packages/torch/include/TH -I/ailab/user/wangxuhong/.conda/envs/occformer/lib/python3.7/site-packages/torch/include/THC -I/ailab/apps/cuda/11.8/include -I/ailab/user/wangxuhong/.conda/envs/occformer/lib/python3.7/site-packages/torch/include -I/ailab/user/wangxuhong/.conda/envs/occformer/lib/python3.7/site-packages/torch/include/torch/csrc/api/include -I/ailab/user/wangxuhong/.conda/envs/occformer/lib/python3.7/site-packages/torch/include/TH -I/ailab/user/wangxuhong/.conda/envs/occformer/lib/python3.7/site-packages/torch/include/THC -I/ailab/apps/cuda/11.8/include -I/ailab/user/wangxuhong/.conda/envs/occformer/lib/python3.7/site-packages/torch/include -I/ailab/user/wangxuhong/.conda/envs/occformer/lib/python3.7/site-packages/torch/include/torch/csrc/api/include -I/ailab/user/wangxuhong/.conda/envs/occformer/lib/python3.7/site-packages/torch/include/TH -I/ailab/user/wangxuhong/.conda/envs/occformer/lib/python3.7/site-packages/torch/include/THC -I/ailab/apps/cuda/11.8/include -I/ailab/user/wangxuhong/.conda/envs/occformer/lib/python3.7/site-packages/torch/include -I/ailab/user/wangxuhong/.conda/envs/occformer/lib/python3.7/site-packages/torch/include/torch/csrc/api/include -I/ailab/user/wangxuhong/.conda/envs/occformer/lib/python3.7/site-packages/torch/include/TH -I/ailab/user/wangxuhong/.conda/envs/occformer/lib/python3.7/site-packages/torch/include/THC -I/ailab/apps/cuda/11.8/include -I/ailab/user/wangxuhong/.conda/envs/occformer/lib/python3.7/site-packages/torch/include -I/ailab/user/wangxuhong/.conda/envs/occformer/lib/python3.7/site-packages/torch/include/torch/csrc/api/include -I/ailab/user/wangxuhong/.conda/envs/occformer/lib/python3.7/site-packages/torch/include/TH -I/ailab/user/wangxuhong/.conda/envs/occformer/lib/python3.7/site-packages/torch/include/THC -I/ailab/apps/cuda/11.8/include -I/ailab/user/wangxuhong/.conda/envs/occformer/lib/python3.7/site-packages/torch/include -I/ailab/user/wangxuhong/.conda/envs/occformer/lib/python3.7/site-packages/torch/include/torch/csrc/api/include -I/ailab/user/wangxuhong/.conda/envs/occformer/lib/python3.7/site-packages/torch/include/TH -I/ailab/user/wangxuhong/.conda/envs/occformer/lib/python3.7/site-packages/torch/include/THC -I/ailab/apps/cuda/11.8/include -I/ailab/user/wangxuhong/.conda/envs/occformer/lib/python3.7/site-packages/torch/include -I/ailab/user/wangxuhong/.conda/envs/occformer/lib/python3.7/site-packages/torch/include/torch/csrc/api/include -I/ailab/user/wangxuhong/.conda/envs/occformer/lib/python3.7/site-packages/torch/include/TH -I/ailab/user/wangxuhong/.conda/envs/occformer/lib/python3.7/site-packages/torch/include/THC -I/ailab/apps/cuda/11.8/include -I/ailab/user/wangxuhong/.conda/envs/occformer/include/python3.7m -c -c /ailab/user/wangxuhong/yuqiucheng/OccFormer-main/mmdetection3d/mmdet3d/ops/iou3d/src/iou3d_kernel.cu -o /ailab/user/wangxuhong/yuqiucheng/OccFormer-main/mmdetection3d/build/temp.linux-x86_64-cpython-37/mmdet3d/ops/iou3d/src/iou3d_kernel.o -D__CUDA_NO_HALF_OPERATORS__ -D__CUDA_NO_HALF_CONVERSIONS__ -D__CUDA_NO_BFLOAT16_CONVERSIONS__ -D__CUDA_NO_HALF2_OPERATORS__ --expt-relaxed-constexpr --compiler-options ''"'"'-fPIC'"'"'' -D__CUDA_NO_HALF_OPERATORS__ -D__CUDA_NO_HALF_CONVERSIONS__ -D__CUDA_NO_HALF2_OPERATORS__ -DTORCH_API_INCLUDE_EXTENSION_H '-DPYBIND11_COMPILER_TYPE="_gcc"' '-DPYBIND11_STDLIB="_libstdcpp"' '-DPYBIND11_BUILD_ABI="_cxxabi1011"' -DTORCH_EXTENSION_NAME=iou3d_cuda -D_GLIBCXX_USE_CXX11_ABI=0 -gencode=arch=compute_86,code=compute_86 -gencode=arch=compute_86,code=sm_86 -std=c++14
    [2/2] c++ -MMD -MF /ailab/user/wangxuhong/yuqiucheng/OccFormer-main/mmdetection3d/build/temp.linux-x86_64-cpython-37/mmdet3d/ops/iou3d/src/iou3d.o.d -pthread -B /ailab/user/wangxuhong/.conda/envs/occformer/compiler_compat -Wl,--sysroot=/ -Wsign-compare -DNDEBUG -g -fwrapv -O3 -Wall -Wstrict-prototypes -fPIC -DWITH_CUDA -I/ailab/user/wangxuhong/.conda/envs/occformer/lib/python3.7/site-packages/torch/include -I/ailab/user/wangxuhong/.conda/envs/occformer/lib/python3.7/site-packages/torch/include/torch/csrc/api/include -I/ailab/user/wangxuhong/.conda/envs/occformer/lib/python3.7/site-packages/torch/include/TH -I/ailab/user/wangxuhong/.conda/envs/occformer/lib/python3.7/site-packages/torch/include/THC -I/ailab/apps/cuda/11.8/include -I/ailab/user/wangxuhong/.conda/envs/occformer/lib/python3.7/site-packages/torch/include -I/ailab/user/wangxuhong/.conda/envs/occformer/lib/python3.7/site-packages/torch/include/torch/csrc/api/include -I/ailab/user/wangxuhong/.conda/envs/occformer/lib/python3.7/site-packages/torch/include/TH -I/ailab/user/wangxuhong/.conda/envs/occformer/lib/python3.7/site-packages/torch/include/THC -I/ailab/apps/cuda/11.8/include -I/ailab/user/wangxuhong/.conda/envs/occformer/lib/python3.7/site-packages/torch/include -I/ailab/user/wangxuhong/.conda/envs/occformer/lib/python3.7/site-packages/torch/include/torch/csrc/api/include -I/ailab/user/wangxuhong/.conda/envs/occformer/lib/python3.7/site-packages/torch/include/TH -I/ailab/user/wangxuhong/.conda/envs/occformer/lib/python3.7/site-packages/torch/include/THC -I/ailab/apps/cuda/11.8/include -I/ailab/user/wangxuhong/.conda/envs/occformer/lib/python3.7/site-packages/torch/include -I/ailab/user/wangxuhong/.conda/envs/occformer/lib/python3.7/site-packages/torch/include/torch/csrc/api/include -I/ailab/user/wangxuhong/.conda/envs/occformer/lib/python3.7/site-packages/torch/include/TH -I/ailab/user/wangxuhong/.conda/envs/occformer/lib/python3.7/site-packages/torch/include/THC -I/ailab/apps/cuda/11.8/include -I/ailab/user/wangxuhong/.conda/envs/occformer/lib/python3.7/site-packages/torch/include -I/ailab/user/wangxuhong/.conda/envs/occformer/lib/python3.7/site-packages/torch/include/torch/csrc/api/include -I/ailab/user/wangxuhong/.conda/envs/occformer/lib/python3.7/site-packages/torch/include/TH -I/ailab/user/wangxuhong/.conda/envs/occformer/lib/python3.7/site-packages/torch/include/THC -I/ailab/apps/cuda/11.8/include -I/ailab/user/wangxuhong/.conda/envs/occformer/lib/python3.7/site-packages/torch/include -I/ailab/user/wangxuhong/.conda/envs/occformer/lib/python3.7/site-packages/torch/include/torch/csrc/api/include -I/ailab/user/wangxuhong/.conda/envs/occformer/lib/python3.7/site-packages/torch/include/TH -I/ailab/user/wangxuhong/.conda/envs/occformer/lib/python3.7/site-packages/torch/include/THC -I/ailab/apps/cuda/11.8/include -I/ailab/user/wangxuhong/.conda/envs/occformer/lib/python3.7/site-packages/torch/include -I/ailab/user/wangxuhong/.conda/envs/occformer/lib/python3.7/site-packages/torch/include/torch/csrc/api/include -I/ailab/user/wangxuhong/.conda/envs/occformer/lib/python3.7/site-packages/torch/include/TH -I/ailab/user/wangxuhong/.conda/envs/occformer/lib/python3.7/site-packages/torch/include/THC -I/ailab/apps/cuda/11.8/include -I/ailab/user/wangxuhong/.conda/envs/occformer/lib/python3.7/site-packages/torch/include -I/ailab/user/wangxuhong/.conda/envs/occformer/lib/python3.7/site-packages/torch/include/torch/csrc/api/include -I/ailab/user/wangxuhong/.conda/envs/occformer/lib/python3.7/site-packages/torch/include/TH -I/ailab/user/wangxuhong/.conda/envs/occformer/lib/python3.7/site-packages/torch/include/THC -I/ailab/apps/cuda/11.8/include -I/ailab/user/wangxuhong/.conda/envs/occformer/lib/python3.7/site-packages/torch/include -I/ailab/user/wangxuhong/.conda/envs/occformer/lib/python3.7/site-packages/torch/include/torch/csrc/api/include -I/ailab/user/wangxuhong/.conda/envs/occformer/lib/python3.7/site-packages/torch/include/TH -I/ailab/user/wangxuhong/.conda/envs/occformer/lib/python3.7/site-packages/torch/include/THC -I/ailab/apps/cuda/11.8/include -I/ailab/user/wangxuhong/.conda/envs/occformer/lib/python3.7/site-packages/torch/include -I/ailab/user/wangxuhong/.conda/envs/occformer/lib/python3.7/site-packages/torch/include/torch/csrc/api/include -I/ailab/user/wangxuhong/.conda/envs/occformer/lib/python3.7/site-packages/torch/include/TH -I/ailab/user/wangxuhong/.conda/envs/occformer/lib/python3.7/site-packages/torch/include/THC -I/ailab/apps/cuda/11.8/include -I/ailab/user/wangxuhong/.conda/envs/occformer/lib/python3.7/site-packages/torch/include -I/ailab/user/wangxuhong/.conda/envs/occformer/lib/python3.7/site-packages/torch/include/torch/csrc/api/include -I/ailab/user/wangxuhong/.conda/envs/occformer/lib/python3.7/site-packages/torch/include/TH -I/ailab/user/wangxuhong/.conda/envs/occformer/lib/python3.7/site-packages/torch/include/THC -I/ailab/apps/cuda/11.8/include -I/ailab/user/wangxuhong/.conda/envs/occformer/lib/python3.7/site-packages/torch/include -I/ailab/user/wangxuhong/.conda/envs/occformer/lib/python3.7/site-packages/torch/include/torch/csrc/api/include -I/ailab/user/wangxuhong/.conda/envs/occformer/lib/python3.7/site-packages/torch/include/TH -I/ailab/user/wangxuhong/.conda/envs/occformer/lib/python3.7/site-packages/torch/include/THC -I/ailab/apps/cuda/11.8/include -I/ailab/user/wangxuhong/.conda/envs/occformer/lib/python3.7/site-packages/torch/include -I/ailab/user/wangxuhong/.conda/envs/occformer/lib/python3.7/site-packages/torch/include/torch/csrc/api/include -I/ailab/user/wangxuhong/.conda/envs/occformer/lib/python3.7/site-packages/torch/include/TH -I/ailab/user/wangxuhong/.conda/envs/occformer/lib/python3.7/site-packages/torch/include/THC -I/ailab/apps/cuda/11.8/include -I/ailab/user/wangxuhong/.conda/envs/occformer/include/python3.7m -c -c /ailab/user/wangxuhong/yuqiucheng/OccFormer-main/mmdetection3d/mmdet3d/ops/iou3d/src/iou3d.cpp -o /ailab/user/wangxuhong/yuqiucheng/OccFormer-main/mmdetection3d/build/temp.linux-x86_64-cpython-37/mmdet3d/ops/iou3d/src/iou3d.o -DTORCH_API_INCLUDE_EXTENSION_H '-DPYBIND11_COMPILER_TYPE="_gcc"' '-DPYBIND11_STDLIB="_libstdcpp"' '-DPYBIND11_BUILD_ABI="_cxxabi1011"' -DTORCH_EXTENSION_NAME=iou3d_cuda -D_GLIBCXX_USE_CXX11_ABI=0 -std=c++14
    cc1plus: warning: command line option ‘-Wstrict-prototypes’ is valid for C/ObjC but not for C++
    g++ -pthread -B /ailab/user/wangxuhong/.conda/envs/occformer/compiler_compat -Wl,--sysroot=/ -pthread -shared -B /ailab/user/wangxuhong/.conda/envs/occformer/compiler_compat -L/ailab/user/wangxuhong/.conda/envs/occformer/lib -Wl,-rpath=/ailab/user/wangxuhong/.conda/envs/occformer/lib -Wl,--no-as-needed -Wl,--sysroot=/ /ailab/user/wangxuhong/yuqiucheng/OccFormer-main/mmdetection3d/build/temp.linux-x86_64-cpython-37/mmdet3d/ops/iou3d/src/iou3d.o /ailab/user/wangxuhong/yuqiucheng/OccFormer-main/mmdetection3d/build/temp.linux-x86_64-cpython-37/mmdet3d/ops/iou3d/src/iou3d_kernel.o -L/ailab/user/wangxuhong/.conda/envs/occformer/lib/python3.7/site-packages/torch/lib -L/ailab/apps/cuda/11.8/lib64 -lc10 -ltorch -ltorch_cpu -ltorch_python -lcudart -lc10_cuda -ltorch_cuda_cu -ltorch_cuda_cpp -o build/lib.linux-x86_64-cpython-37/mmdet3d/ops/iou3d/iou3d_cuda.cpython-37m-x86_64-linux-gnu.so
    building 'mmdet3d.ops.voxel.voxel_layer' extension
    creating /ailab/user/wangxuhong/yuqiucheng/OccFormer-main/mmdetection3d/build/temp.linux-x86_64-cpython-37/mmdet3d/ops/voxel
    creating /ailab/user/wangxuhong/yuqiucheng/OccFormer-main/mmdetection3d/build/temp.linux-x86_64-cpython-37/mmdet3d/ops/voxel/src
    Emitting ninja build file /ailab/user/wangxuhong/yuqiucheng/OccFormer-main/mmdetection3d/build/temp.linux-x86_64-cpython-37/build.ninja...
    Compiling objects...
    Allowing ninja to set a default number of workers... (overridable by setting the environment variable MAX_JOBS=N)
    [1/5] c++ -MMD -MF /ailab/user/wangxuhong/yuqiucheng/OccFormer-main/mmdetection3d/build/temp.linux-x86_64-cpython-37/mmdet3d/ops/voxel/src/scatter_points_cpu.o.d -pthread -B /ailab/user/wangxuhong/.conda/envs/occformer/compiler_compat -Wl,--sysroot=/ -Wsign-compare -DNDEBUG -g -fwrapv -O3 -Wall -Wstrict-prototypes -fPIC -DWITH_CUDA -I/ailab/user/wangxuhong/.conda/envs/occformer/lib/python3.7/site-packages/torch/include -I/ailab/user/wangxuhong/.conda/envs/occformer/lib/python3.7/site-packages/torch/include/torch/csrc/api/include -I/ailab/user/wangxuhong/.conda/envs/occformer/lib/python3.7/site-packages/torch/include/TH -I/ailab/user/wangxuhong/.conda/envs/occformer/lib/python3.7/site-packages/torch/include/THC -I/ailab/apps/cuda/11.8/include -I/ailab/user/wangxuhong/.conda/envs/occformer/lib/python3.7/site-packages/torch/include -I/ailab/user/wangxuhong/.conda/envs/occformer/lib/python3.7/site-packages/torch/include/torch/csrc/api/include -I/ailab/user/wangxuhong/.conda/envs/occformer/lib/python3.7/site-packages/torch/include/TH -I/ailab/user/wangxuhong/.conda/envs/occformer/lib/python3.7/site-packages/torch/include/THC -I/ailab/apps/cuda/11.8/include -I/ailab/user/wangxuhong/.conda/envs/occformer/lib/python3.7/site-packages/torch/include -I/ailab/user/wangxuhong/.conda/envs/occformer/lib/python3.7/site-packages/torch/include/torch/csrc/api/include -I/ailab/user/wangxuhong/.conda/envs/occformer/lib/python3.7/site-packages/torch/include/TH -I/ailab/user/wangxuhong/.conda/envs/occformer/lib/python3.7/site-packages/torch/include/THC -I/ailab/apps/cuda/11.8/include -I/ailab/user/wangxuhong/.conda/envs/occformer/lib/python3.7/site-packages/torch/include -I/ailab/user/wangxuhong/.conda/envs/occformer/lib/python3.7/site-packages/torch/include/torch/csrc/api/include -I/ailab/user/wangxuhong/.conda/envs/occformer/lib/python3.7/site-packages/torch/include/TH -I/ailab/user/wangxuhong/.conda/envs/occformer/lib/python3.7/site-packages/torch/include/THC -I/ailab/apps/cuda/11.8/include -I/ailab/user/wangxuhong/.conda/envs/occformer/lib/python3.7/site-packages/torch/include -I/ailab/user/wangxuhong/.conda/envs/occformer/lib/python3.7/site-packages/torch/include/torch/csrc/api/include -I/ailab/user/wangxuhong/.conda/envs/occformer/lib/python3.7/site-packages/torch/include/TH -I/ailab/user/wangxuhong/.conda/envs/occformer/lib/python3.7/site-packages/torch/include/THC -I/ailab/apps/cuda/11.8/include -I/ailab/user/wangxuhong/.conda/envs/occformer/lib/python3.7/site-packages/torch/include -I/ailab/user/wangxuhong/.conda/envs/occformer/lib/python3.7/site-packages/torch/include/torch/csrc/api/include -I/ailab/user/wangxuhong/.conda/envs/occformer/lib/python3.7/site-packages/torch/include/TH -I/ailab/user/wangxuhong/.conda/envs/occformer/lib/python3.7/site-packages/torch/include/THC -I/ailab/apps/cuda/11.8/include -I/ailab/user/wangxuhong/.conda/envs/occformer/lib/python3.7/site-packages/torch/include -I/ailab/user/wangxuhong/.conda/envs/occformer/lib/python3.7/site-packages/torch/include/torch/csrc/api/include -I/ailab/user/wangxuhong/.conda/envs/occformer/lib/python3.7/site-packages/torch/include/TH -I/ailab/user/wangxuhong/.conda/envs/occformer/lib/python3.7/site-packages/torch/include/THC -I/ailab/apps/cuda/11.8/include -I/ailab/user/wangxuhong/.conda/envs/occformer/lib/python3.7/site-packages/torch/include -I/ailab/user/wangxuhong/.conda/envs/occformer/lib/python3.7/site-packages/torch/include/torch/csrc/api/include -I/ailab/user/wangxuhong/.conda/envs/occformer/lib/python3.7/site-packages/torch/include/TH -I/ailab/user/wangxuhong/.conda/envs/occformer/lib/python3.7/site-packages/torch/include/THC -I/ailab/apps/cuda/11.8/include -I/ailab/user/wangxuhong/.conda/envs/occformer/lib/python3.7/site-packages/torch/include -I/ailab/user/wangxuhong/.conda/envs/occformer/lib/python3.7/site-packages/torch/include/torch/csrc/api/include -I/ailab/user/wangxuhong/.conda/envs/occformer/lib/python3.7/site-packages/torch/include/TH -I/ailab/user/wangxuhong/.conda/envs/occformer/lib/python3.7/site-packages/torch/include/THC -I/ailab/apps/cuda/11.8/include -I/ailab/user/wangxuhong/.conda/envs/occformer/lib/python3.7/site-packages/torch/include -I/ailab/user/wangxuhong/.conda/envs/occformer/lib/python3.7/site-packages/torch/include/torch/csrc/api/include -I/ailab/user/wangxuhong/.conda/envs/occformer/lib/python3.7/site-packages/torch/include/TH -I/ailab/user/wangxuhong/.conda/envs/occformer/lib/python3.7/site-packages/torch/include/THC -I/ailab/apps/cuda/11.8/include -I/ailab/user/wangxuhong/.conda/envs/occformer/lib/python3.7/site-packages/torch/include -I/ailab/user/wangxuhong/.conda/envs/occformer/lib/python3.7/site-packages/torch/include/torch/csrc/api/include -I/ailab/user/wangxuhong/.conda/envs/occformer/lib/python3.7/site-packages/torch/include/TH -I/ailab/user/wangxuhong/.conda/envs/occformer/lib/python3.7/site-packages/torch/include/THC -I/ailab/apps/cuda/11.8/include -I/ailab/user/wangxuhong/.conda/envs/occformer/lib/python3.7/site-packages/torch/include -I/ailab/user/wangxuhong/.conda/envs/occformer/lib/python3.7/site-packages/torch/include/torch/csrc/api/include -I/ailab/user/wangxuhong/.conda/envs/occformer/lib/python3.7/site-packages/torch/include/TH -I/ailab/user/wangxuhong/.conda/envs/occformer/lib/python3.7/site-packages/torch/include/THC -I/ailab/apps/cuda/11.8/include -I/ailab/user/wangxuhong/.conda/envs/occformer/lib/python3.7/site-packages/torch/include -I/ailab/user/wangxuhong/.conda/envs/occformer/lib/python3.7/site-packages/torch/include/torch/csrc/api/include -I/ailab/user/wangxuhong/.conda/envs/occformer/lib/python3.7/site-packages/torch/include/TH -I/ailab/user/wangxuhong/.conda/envs/occformer/lib/python3.7/site-packages/torch/include/THC -I/ailab/apps/cuda/11.8/include -I/ailab/user/wangxuhong/.conda/envs/occformer/include/python3.7m -c -c /ailab/user/wangxuhong/yuqiucheng/OccFormer-main/mmdetection3d/mmdet3d/ops/voxel/src/scatter_points_cpu.cpp -o /ailab/user/wangxuhong/yuqiucheng/OccFormer-main/mmdetection3d/build/temp.linux-x86_64-cpython-37/mmdet3d/ops/voxel/src/scatter_points_cpu.o -DTORCH_API_INCLUDE_EXTENSION_H '-DPYBIND11_COMPILER_TYPE="_gcc"' '-DPYBIND11_STDLIB="_libstdcpp"' '-DPYBIND11_BUILD_ABI="_cxxabi1011"' -DTORCH_EXTENSION_NAME=voxel_layer -D_GLIBCXX_USE_CXX11_ABI=0 -std=c++14
    cc1plus: warning: command line option ‘-Wstrict-prototypes’ is valid for C/ObjC but not for C++
    [2/5] c++ -MMD -MF /ailab/user/wangxuhong/yuqiucheng/OccFormer-main/mmdetection3d/build/temp.linux-x86_64-cpython-37/mmdet3d/ops/voxel/src/voxelization_cpu.o.d -pthread -B /ailab/user/wangxuhong/.conda/envs/occformer/compiler_compat -Wl,--sysroot=/ -Wsign-compare -DNDEBUG -g -fwrapv -O3 -Wall -Wstrict-prototypes -fPIC -DWITH_CUDA -I/ailab/user/wangxuhong/.conda/envs/occformer/lib/python3.7/site-packages/torch/include -I/ailab/user/wangxuhong/.conda/envs/occformer/lib/python3.7/site-packages/torch/include/torch/csrc/api/include -I/ailab/user/wangxuhong/.conda/envs/occformer/lib/python3.7/site-packages/torch/include/TH -I/ailab/user/wangxuhong/.conda/envs/occformer/lib/python3.7/site-packages/torch/include/THC -I/ailab/apps/cuda/11.8/include -I/ailab/user/wangxuhong/.conda/envs/occformer/lib/python3.7/site-packages/torch/include -I/ailab/user/wangxuhong/.conda/envs/occformer/lib/python3.7/site-packages/torch/include/torch/csrc/api/include -I/ailab/user/wangxuhong/.conda/envs/occformer/lib/python3.7/site-packages/torch/include/TH -I/ailab/user/wangxuhong/.conda/envs/occformer/lib/python3.7/site-packages/torch/include/THC -I/ailab/apps/cuda/11.8/include -I/ailab/user/wangxuhong/.conda/envs/occformer/lib/python3.7/site-packages/torch/include -I/ailab/user/wangxuhong/.conda/envs/occformer/lib/python3.7/site-packages/torch/include/torch/csrc/api/include -I/ailab/user/wangxuhong/.conda/envs/occformer/lib/python3.7/site-packages/torch/include/TH -I/ailab/user/wangxuhong/.conda/envs/occformer/lib/python3.7/site-packages/torch/include/THC -I/ailab/apps/cuda/11.8/include -I/ailab/user/wangxuhong/.conda/envs/occformer/lib/python3.7/site-packages/torch/include -I/ailab/user/wangxuhong/.conda/envs/occformer/lib/python3.7/site-packages/torch/include/torch/csrc/api/include -I/ailab/user/wangxuhong/.conda/envs/occformer/lib/python3.7/site-packages/torch/include/TH -I/ailab/user/wangxuhong/.conda/envs/occformer/lib/python3.7/site-packages/torch/include/THC -I/ailab/apps/cuda/11.8/include -I/ailab/user/wangxuhong/.conda/envs/occformer/lib/python3.7/site-packages/torch/include -I/ailab/user/wangxuhong/.conda/envs/occformer/lib/python3.7/site-packages/torch/include/torch/csrc/api/include -I/ailab/user/wangxuhong/.conda/envs/occformer/lib/python3.7/site-packages/torch/include/TH -I/ailab/user/wangxuhong/.conda/envs/occformer/lib/python3.7/site-packages/torch/include/THC -I/ailab/apps/cuda/11.8/include -I/ailab/user/wangxuhong/.conda/envs/occformer/lib/python3.7/site-packages/torch/include -I/ailab/user/wangxuhong/.conda/envs/occformer/lib/python3.7/site-packages/torch/include/torch/csrc/api/include -I/ailab/user/wangxuhong/.conda/envs/occformer/lib/python3.7/site-packages/torch/include/TH -I/ailab/user/wangxuhong/.conda/envs/occformer/lib/python3.7/site-packages/torch/include/THC -I/ailab/apps/cuda/11.8/include -I/ailab/user/wangxuhong/.conda/envs/occformer/lib/python3.7/site-packages/torch/include -I/ailab/user/wangxuhong/.conda/envs/occformer/lib/python3.7/site-packages/torch/include/torch/csrc/api/include -I/ailab/user/wangxuhong/.conda/envs/occformer/lib/python3.7/site-packages/torch/include/TH -I/ailab/user/wangxuhong/.conda/envs/occformer/lib/python3.7/site-packages/torch/include/THC -I/ailab/apps/cuda/11.8/include -I/ailab/user/wangxuhong/.conda/envs/occformer/lib/python3.7/site-packages/torch/include -I/ailab/user/wangxuhong/.conda/envs/occformer/lib/python3.7/site-packages/torch/include/torch/csrc/api/include -I/ailab/user/wangxuhong/.conda/envs/occformer/lib/python3.7/site-packages/torch/include/TH -I/ailab/user/wangxuhong/.conda/envs/occformer/lib/python3.7/site-packages/torch/include/THC -I/ailab/apps/cuda/11.8/include -I/ailab/user/wangxuhong/.conda/envs/occformer/lib/python3.7/site-packages/torch/include -I/ailab/user/wangxuhong/.conda/envs/occformer/lib/python3.7/site-packages/torch/include/torch/csrc/api/include -I/ailab/user/wangxuhong/.conda/envs/occformer/lib/python3.7/site-packages/torch/include/TH -I/ailab/user/wangxuhong/.conda/envs/occformer/lib/python3.7/site-packages/torch/include/THC -I/ailab/apps/cuda/11.8/include -I/ailab/user/wangxuhong/.conda/envs/occformer/lib/python3.7/site-packages/torch/include -I/ailab/user/wangxuhong/.conda/envs/occformer/lib/python3.7/site-packages/torch/include/torch/csrc/api/include -I/ailab/user/wangxuhong/.conda/envs/occformer/lib/python3.7/site-packages/torch/include/TH -I/ailab/user/wangxuhong/.conda/envs/occformer/lib/python3.7/site-packages/torch/include/THC -I/ailab/apps/cuda/11.8/include -I/ailab/user/wangxuhong/.conda/envs/occformer/lib/python3.7/site-packages/torch/include -I/ailab/user/wangxuhong/.conda/envs/occformer/lib/python3.7/site-packages/torch/include/torch/csrc/api/include -I/ailab/user/wangxuhong/.conda/envs/occformer/lib/python3.7/site-packages/torch/include/TH -I/ailab/user/wangxuhong/.conda/envs/occformer/lib/python3.7/site-packages/torch/include/THC -I/ailab/apps/cuda/11.8/include -I/ailab/user/wangxuhong/.conda/envs/occformer/lib/python3.7/site-packages/torch/include -I/ailab/user/wangxuhong/.conda/envs/occformer/lib/python3.7/site-packages/torch/include/torch/csrc/api/include -I/ailab/user/wangxuhong/.conda/envs/occformer/lib/python3.7/site-packages/torch/include/TH -I/ailab/user/wangxuhong/.conda/envs/occformer/lib/python3.7/site-packages/torch/include/THC -I/ailab/apps/cuda/11.8/include -I/ailab/user/wangxuhong/.conda/envs/occformer/lib/python3.7/site-packages/torch/include -I/ailab/user/wangxuhong/.conda/envs/occformer/lib/python3.7/site-packages/torch/include/torch/csrc/api/include -I/ailab/user/wangxuhong/.conda/envs/occformer/lib/python3.7/site-packages/torch/include/TH -I/ailab/user/wangxuhong/.conda/envs/occformer/lib/python3.7/site-packages/torch/include/THC -I/ailab/apps/cuda/11.8/include -I/ailab/user/wangxuhong/.conda/envs/occformer/include/python3.7m -c -c /ailab/user/wangxuhong/yuqiucheng/OccFormer-main/mmdetection3d/mmdet3d/ops/voxel/src/voxelization_cpu.cpp -o /ailab/user/wangxuhong/yuqiucheng/OccFormer-main/mmdetection3d/build/temp.linux-x86_64-cpython-37/mmdet3d/ops/voxel/src/voxelization_cpu.o -DTORCH_API_INCLUDE_EXTENSION_H '-DPYBIND11_COMPILER_TYPE="_gcc"' '-DPYBIND11_STDLIB="_libstdcpp"' '-DPYBIND11_BUILD_ABI="_cxxabi1011"' -DTORCH_EXTENSION_NAME=voxel_layer -D_GLIBCXX_USE_CXX11_ABI=0 -std=c++14
    cc1plus: warning: command line option ‘-Wstrict-prototypes’ is valid for C/ObjC but not for C++
    [3/5] c++ -MMD -MF /ailab/user/wangxuhong/yuqiucheng/OccFormer-main/mmdetection3d/build/temp.linux-x86_64-cpython-37/mmdet3d/ops/voxel/src/voxelization.o.d -pthread -B /ailab/user/wangxuhong/.conda/envs/occformer/compiler_compat -Wl,--sysroot=/ -Wsign-compare -DNDEBUG -g -fwrapv -O3 -Wall -Wstrict-prototypes -fPIC -DWITH_CUDA -I/ailab/user/wangxuhong/.conda/envs/occformer/lib/python3.7/site-packages/torch/include -I/ailab/user/wangxuhong/.conda/envs/occformer/lib/python3.7/site-packages/torch/include/torch/csrc/api/include -I/ailab/user/wangxuhong/.conda/envs/occformer/lib/python3.7/site-packages/torch/include/TH -I/ailab/user/wangxuhong/.conda/envs/occformer/lib/python3.7/site-packages/torch/include/THC -I/ailab/apps/cuda/11.8/include -I/ailab/user/wangxuhong/.conda/envs/occformer/lib/python3.7/site-packages/torch/include -I/ailab/user/wangxuhong/.conda/envs/occformer/lib/python3.7/site-packages/torch/include/torch/csrc/api/include -I/ailab/user/wangxuhong/.conda/envs/occformer/lib/python3.7/site-packages/torch/include/TH -I/ailab/user/wangxuhong/.conda/envs/occformer/lib/python3.7/site-packages/torch/include/THC -I/ailab/apps/cuda/11.8/include -I/ailab/user/wangxuhong/.conda/envs/occformer/lib/python3.7/site-packages/torch/include -I/ailab/user/wangxuhong/.conda/envs/occformer/lib/python3.7/site-packages/torch/include/torch/csrc/api/include -I/ailab/user/wangxuhong/.conda/envs/occformer/lib/python3.7/site-packages/torch/include/TH -I/ailab/user/wangxuhong/.conda/envs/occformer/lib/python3.7/site-packages/torch/include/THC -I/ailab/apps/cuda/11.8/include -I/ailab/user/wangxuhong/.conda/envs/occformer/lib/python3.7/site-packages/torch/include -I/ailab/user/wangxuhong/.conda/envs/occformer/lib/python3.7/site-packages/torch/include/torch/csrc/api/include -I/ailab/user/wangxuhong/.conda/envs/occformer/lib/python3.7/site-packages/torch/include/TH -I/ailab/user/wangxuhong/.conda/envs/occformer/lib/python3.7/site-packages/torch/include/THC -I/ailab/apps/cuda/11.8/include -I/ailab/user/wangxuhong/.conda/envs/occformer/lib/python3.7/site-packages/torch/include -I/ailab/user/wangxuhong/.conda/envs/occformer/lib/python3.7/site-packages/torch/include/torch/csrc/api/include -I/ailab/user/wangxuhong/.conda/envs/occformer/lib/python3.7/site-packages/torch/include/TH -I/ailab/user/wangxuhong/.conda/envs/occformer/lib/python3.7/site-packages/torch/include/THC -I/ailab/apps/cuda/11.8/include -I/ailab/user/wangxuhong/.conda/envs/occformer/lib/python3.7/site-packages/torch/include -I/ailab/user/wangxuhong/.conda/envs/occformer/lib/python3.7/site-packages/torch/include/torch/csrc/api/include -I/ailab/user/wangxuhong/.conda/envs/occformer/lib/python3.7/site-packages/torch/include/TH -I/ailab/user/wangxuhong/.conda/envs/occformer/lib/python3.7/site-packages/torch/include/THC -I/ailab/apps/cuda/11.8/include -I/ailab/user/wangxuhong/.conda/envs/occformer/lib/python3.7/site-packages/torch/include -I/ailab/user/wangxuhong/.conda/envs/occformer/lib/python3.7/site-packages/torch/include/torch/csrc/api/include -I/ailab/user/wangxuhong/.conda/envs/occformer/lib/python3.7/site-packages/torch/include/TH -I/ailab/user/wangxuhong/.conda/envs/occformer/lib/python3.7/site-packages/torch/include/THC -I/ailab/apps/cuda/11.8/include -I/ailab/user/wangxuhong/.conda/envs/occformer/lib/python3.7/site-packages/torch/include -I/ailab/user/wangxuhong/.conda/envs/occformer/lib/python3.7/site-packages/torch/include/torch/csrc/api/include -I/ailab/user/wangxuhong/.conda/envs/occformer/lib/python3.7/site-packages/torch/include/TH -I/ailab/user/wangxuhong/.conda/envs/occformer/lib/python3.7/site-packages/torch/include/THC -I/ailab/apps/cuda/11.8/include -I/ailab/user/wangxuhong/.conda/envs/occformer/lib/python3.7/site-packages/torch/include -I/ailab/user/wangxuhong/.conda/envs/occformer/lib/python3.7/site-packages/torch/include/torch/csrc/api/include -I/ailab/user/wangxuhong/.conda/envs/occformer/lib/python3.7/site-packages/torch/include/TH -I/ailab/user/wangxuhong/.conda/envs/occformer/lib/python3.7/site-packages/torch/include/THC -I/ailab/apps/cuda/11.8/include -I/ailab/user/wangxuhong/.conda/envs/occformer/lib/python3.7/site-packages/torch/include -I/ailab/user/wangxuhong/.conda/envs/occformer/lib/python3.7/site-packages/torch/include/torch/csrc/api/include -I/ailab/user/wangxuhong/.conda/envs/occformer/lib/python3.7/site-packages/torch/include/TH -I/ailab/user/wangxuhong/.conda/envs/occformer/lib/python3.7/site-packages/torch/include/THC -I/ailab/apps/cuda/11.8/include -I/ailab/user/wangxuhong/.conda/envs/occformer/lib/python3.7/site-packages/torch/include -I/ailab/user/wangxuhong/.conda/envs/occformer/lib/python3.7/site-packages/torch/include/torch/csrc/api/include -I/ailab/user/wangxuhong/.conda/envs/occformer/lib/python3.7/site-packages/torch/include/TH -I/ailab/user/wangxuhong/.conda/envs/occformer/lib/python3.7/site-packages/torch/include/THC -I/ailab/apps/cuda/11.8/include -I/ailab/user/wangxuhong/.conda/envs/occformer/lib/python3.7/site-packages/torch/include -I/ailab/user/wangxuhong/.conda/envs/occformer/lib/python3.7/site-packages/torch/include/torch/csrc/api/include -I/ailab/user/wangxuhong/.conda/envs/occformer/lib/python3.7/site-packages/torch/include/TH -I/ailab/user/wangxuhong/.conda/envs/occformer/lib/python3.7/site-packages/torch/include/THC -I/ailab/apps/cuda/11.8/include -I/ailab/user/wangxuhong/.conda/envs/occformer/lib/python3.7/site-packages/torch/include -I/ailab/user/wangxuhong/.conda/envs/occformer/lib/python3.7/site-packages/torch/include/torch/csrc/api/include -I/ailab/user/wangxuhong/.conda/envs/occformer/lib/python3.7/site-packages/torch/include/TH -I/ailab/user/wangxuhong/.conda/envs/occformer/lib/python3.7/site-packages/torch/include/THC -I/ailab/apps/cuda/11.8/include -I/ailab/user/wangxuhong/.conda/envs/occformer/include/python3.7m -c -c /ailab/user/wangxuhong/yuqiucheng/OccFormer-main/mmdetection3d/mmdet3d/ops/voxel/src/voxelization.cpp -o /ailab/user/wangxuhong/yuqiucheng/OccFormer-main/mmdetection3d/build/temp.linux-x86_64-cpython-37/mmdet3d/ops/voxel/src/voxelization.o -DTORCH_API_INCLUDE_EXTENSION_H '-DPYBIND11_COMPILER_TYPE="_gcc"' '-DPYBIND11_STDLIB="_libstdcpp"' '-DPYBIND11_BUILD_ABI="_cxxabi1011"' -DTORCH_EXTENSION_NAME=voxel_layer -D_GLIBCXX_USE_CXX11_ABI=0 -std=c++14
    cc1plus: warning: command line option ‘-Wstrict-prototypes’ is valid for C/ObjC but not for C++
    [4/5] /ailab/apps/cuda/11.8/bin/nvcc  -DWITH_CUDA -I/ailab/user/wangxuhong/.conda/envs/occformer/lib/python3.7/site-packages/torch/include -I/ailab/user/wangxuhong/.conda/envs/occformer/lib/python3.7/site-packages/torch/include/torch/csrc/api/include -I/ailab/user/wangxuhong/.conda/envs/occformer/lib/python3.7/site-packages/torch/include/TH -I/ailab/user/wangxuhong/.conda/envs/occformer/lib/python3.7/site-packages/torch/include/THC -I/ailab/apps/cuda/11.8/include -I/ailab/user/wangxuhong/.conda/envs/occformer/lib/python3.7/site-packages/torch/include -I/ailab/user/wangxuhong/.conda/envs/occformer/lib/python3.7/site-packages/torch/include/torch/csrc/api/include -I/ailab/user/wangxuhong/.conda/envs/occformer/lib/python3.7/site-packages/torch/include/TH -I/ailab/user/wangxuhong/.conda/envs/occformer/lib/python3.7/site-packages/torch/include/THC -I/ailab/apps/cuda/11.8/include -I/ailab/user/wangxuhong/.conda/envs/occformer/lib/python3.7/site-packages/torch/include -I/ailab/user/wangxuhong/.conda/envs/occformer/lib/python3.7/site-packages/torch/include/torch/csrc/api/include -I/ailab/user/wangxuhong/.conda/envs/occformer/lib/python3.7/site-packages/torch/include/TH -I/ailab/user/wangxuhong/.conda/envs/occformer/lib/python3.7/site-packages/torch/include/THC -I/ailab/apps/cuda/11.8/include -I/ailab/user/wangxuhong/.conda/envs/occformer/lib/python3.7/site-packages/torch/include -I/ailab/user/wangxuhong/.conda/envs/occformer/lib/python3.7/site-packages/torch/include/torch/csrc/api/include -I/ailab/user/wangxuhong/.conda/envs/occformer/lib/python3.7/site-packages/torch/include/TH -I/ailab/user/wangxuhong/.conda/envs/occformer/lib/python3.7/site-packages/torch/include/THC -I/ailab/apps/cuda/11.8/include -I/ailab/user/wangxuhong/.conda/envs/occformer/lib/python3.7/site-packages/torch/include -I/ailab/user/wangxuhong/.conda/envs/occformer/lib/python3.7/site-packages/torch/include/torch/csrc/api/include -I/ailab/user/wangxuhong/.conda/envs/occformer/lib/python3.7/site-packages/torch/include/TH -I/ailab/user/wangxuhong/.conda/envs/occformer/lib/python3.7/site-packages/torch/include/THC -I/ailab/apps/cuda/11.8/include -I/ailab/user/wangxuhong/.conda/envs/occformer/lib/python3.7/site-packages/torch/include -I/ailab/user/wangxuhong/.conda/envs/occformer/lib/python3.7/site-packages/torch/include/torch/csrc/api/include -I/ailab/user/wangxuhong/.conda/envs/occformer/lib/python3.7/site-packages/torch/include/TH -I/ailab/user/wangxuhong/.conda/envs/occformer/lib/python3.7/site-packages/torch/include/THC -I/ailab/apps/cuda/11.8/include -I/ailab/user/wangxuhong/.conda/envs/occformer/lib/python3.7/site-packages/torch/include -I/ailab/user/wangxuhong/.conda/envs/occformer/lib/python3.7/site-packages/torch/include/torch/csrc/api/include -I/ailab/user/wangxuhong/.conda/envs/occformer/lib/python3.7/site-packages/torch/include/TH -I/ailab/user/wangxuhong/.conda/envs/occformer/lib/python3.7/site-packages/torch/include/THC -I/ailab/apps/cuda/11.8/include -I/ailab/user/wangxuhong/.conda/envs/occformer/lib/python3.7/site-packages/torch/include -I/ailab/user/wangxuhong/.conda/envs/occformer/lib/python3.7/site-packages/torch/include/torch/csrc/api/include -I/ailab/user/wangxuhong/.conda/envs/occformer/lib/python3.7/site-packages/torch/include/TH -I/ailab/user/wangxuhong/.conda/envs/occformer/lib/python3.7/site-packages/torch/include/THC -I/ailab/apps/cuda/11.8/include -I/ailab/user/wangxuhong/.conda/envs/occformer/lib/python3.7/site-packages/torch/include -I/ailab/user/wangxuhong/.conda/envs/occformer/lib/python3.7/site-packages/torch/include/torch/csrc/api/include -I/ailab/user/wangxuhong/.conda/envs/occformer/lib/python3.7/site-packages/torch/include/TH -I/ailab/user/wangxuhong/.conda/envs/occformer/lib/python3.7/site-packages/torch/include/THC -I/ailab/apps/cuda/11.8/include -I/ailab/user/wangxuhong/.conda/envs/occformer/lib/python3.7/site-packages/torch/include -I/ailab/user/wangxuhong/.conda/envs/occformer/lib/python3.7/site-packages/torch/include/torch/csrc/api/include -I/ailab/user/wangxuhong/.conda/envs/occformer/lib/python3.7/site-packages/torch/include/TH -I/ailab/user/wangxuhong/.conda/envs/occformer/lib/python3.7/site-packages/torch/include/THC -I/ailab/apps/cuda/11.8/include -I/ailab/user/wangxuhong/.conda/envs/occformer/lib/python3.7/site-packages/torch/include -I/ailab/user/wangxuhong/.conda/envs/occformer/lib/python3.7/site-packages/torch/include/torch/csrc/api/include -I/ailab/user/wangxuhong/.conda/envs/occformer/lib/python3.7/site-packages/torch/include/TH -I/ailab/user/wangxuhong/.conda/envs/occformer/lib/python3.7/site-packages/torch/include/THC -I/ailab/apps/cuda/11.8/include -I/ailab/user/wangxuhong/.conda/envs/occformer/lib/python3.7/site-packages/torch/include -I/ailab/user/wangxuhong/.conda/envs/occformer/lib/python3.7/site-packages/torch/include/torch/csrc/api/include -I/ailab/user/wangxuhong/.conda/envs/occformer/lib/python3.7/site-packages/torch/include/TH -I/ailab/user/wangxuhong/.conda/envs/occformer/lib/python3.7/site-packages/torch/include/THC -I/ailab/apps/cuda/11.8/include -I/ailab/user/wangxuhong/.conda/envs/occformer/lib/python3.7/site-packages/torch/include -I/ailab/user/wangxuhong/.conda/envs/occformer/lib/python3.7/site-packages/torch/include/torch/csrc/api/include -I/ailab/user/wangxuhong/.conda/envs/occformer/lib/python3.7/site-packages/torch/include/TH -I/ailab/user/wangxuhong/.conda/envs/occformer/lib/python3.7/site-packages/torch/include/THC -I/ailab/apps/cuda/11.8/include -I/ailab/user/wangxuhong/.conda/envs/occformer/include/python3.7m -c -c /ailab/user/wangxuhong/yuqiucheng/OccFormer-main/mmdetection3d/mmdet3d/ops/voxel/src/scatter_points_cuda.cu -o /ailab/user/wangxuhong/yuqiucheng/OccFormer-main/mmdetection3d/build/temp.linux-x86_64-cpython-37/mmdet3d/ops/voxel/src/scatter_points_cuda.o -D__CUDA_NO_HALF_OPERATORS__ -D__CUDA_NO_HALF_CONVERSIONS__ -D__CUDA_NO_BFLOAT16_CONVERSIONS__ -D__CUDA_NO_HALF2_OPERATORS__ --expt-relaxed-constexpr --compiler-options ''"'"'-fPIC'"'"'' -D__CUDA_NO_HALF_OPERATORS__ -D__CUDA_NO_HALF_CONVERSIONS__ -D__CUDA_NO_HALF2_OPERATORS__ -DTORCH_API_INCLUDE_EXTENSION_H '-DPYBIND11_COMPILER_TYPE="_gcc"' '-DPYBIND11_STDLIB="_libstdcpp"' '-DPYBIND11_BUILD_ABI="_cxxabi1011"' -DTORCH_EXTENSION_NAME=voxel_layer -D_GLIBCXX_USE_CXX11_ABI=0 -gencode=arch=compute_86,code=compute_86 -gencode=arch=compute_86,code=sm_86 -std=c++14
    /ailab/user/wangxuhong/.conda/envs/occformer/lib/python3.7/site-packages/torch/include/ATen/core/builtin_function.h(110): warning #20236-D: pragma "diag_suppress" is deprecated, use "nv_diag_suppress" instead

    /ailab/user/wangxuhong/.conda/envs/occformer/lib/python3.7/site-packages/torch/include/ATen/core/builtin_function.h(117): warning #20236-D: pragma "diag_default" is deprecated, use "nv_diag_default" instead

    /ailab/user/wangxuhong/.conda/envs/occformer/lib/python3.7/site-packages/torch/include/ATen/core/builtin_function.h(110): warning #20236-D: pragma "diag_suppress" is deprecated, use "nv_diag_suppress" instead

    /ailab/user/wangxuhong/.conda/envs/occformer/lib/python3.7/site-packages/torch/include/ATen/core/builtin_function.h(117): warning #20236-D: pragma "diag_default" is deprecated, use "nv_diag_default" instead

    /ailab/user/wangxuhong/.conda/envs/occformer/lib/python3.7/site-packages/torch/include/ATen/core/builtin_function.h(110): warning #20236-D: pragma "diag_suppress" is deprecated, use "nv_diag_suppress" instead

    /ailab/user/wangxuhong/.conda/envs/occformer/lib/python3.7/site-packages/torch/include/ATen/core/builtin_function.h(117): warning #20236-D: pragma "diag_default" is deprecated, use "nv_diag_default" instead

    /ailab/user/wangxuhong/.conda/envs/occformer/lib/python3.7/site-packages/torch/include/ATen/core/builtin_function.h(110): warning #20236-D: pragma "diag_suppress" is deprecated, use "nv_diag_suppress" instead

    /ailab/user/wangxuhong/.conda/envs/occformer/lib/python3.7/site-packages/torch/include/ATen/core/builtin_function.h(117): warning #20236-D: pragma "diag_default" is deprecated, use "nv_diag_default" instead

    [5/5] /ailab/apps/cuda/11.8/bin/nvcc  -DWITH_CUDA -I/ailab/user/wangxuhong/.conda/envs/occformer/lib/python3.7/site-packages/torch/include -I/ailab/user/wangxuhong/.conda/envs/occformer/lib/python3.7/site-packages/torch/include/torch/csrc/api/include -I/ailab/user/wangxuhong/.conda/envs/occformer/lib/python3.7/site-packages/torch/include/TH -I/ailab/user/wangxuhong/.conda/envs/occformer/lib/python3.7/site-packages/torch/include/THC -I/ailab/apps/cuda/11.8/include -I/ailab/user/wangxuhong/.conda/envs/occformer/lib/python3.7/site-packages/torch/include -I/ailab/user/wangxuhong/.conda/envs/occformer/lib/python3.7/site-packages/torch/include/torch/csrc/api/include -I/ailab/user/wangxuhong/.conda/envs/occformer/lib/python3.7/site-packages/torch/include/TH -I/ailab/user/wangxuhong/.conda/envs/occformer/lib/python3.7/site-packages/torch/include/THC -I/ailab/apps/cuda/11.8/include -I/ailab/user/wangxuhong/.conda/envs/occformer/lib/python3.7/site-packages/torch/include -I/ailab/user/wangxuhong/.conda/envs/occformer/lib/python3.7/site-packages/torch/include/torch/csrc/api/include -I/ailab/user/wangxuhong/.conda/envs/occformer/lib/python3.7/site-packages/torch/include/TH -I/ailab/user/wangxuhong/.conda/envs/occformer/lib/python3.7/site-packages/torch/include/THC -I/ailab/apps/cuda/11.8/include -I/ailab/user/wangxuhong/.conda/envs/occformer/lib/python3.7/site-packages/torch/include -I/ailab/user/wangxuhong/.conda/envs/occformer/lib/python3.7/site-packages/torch/include/torch/csrc/api/include -I/ailab/user/wangxuhong/.conda/envs/occformer/lib/python3.7/site-packages/torch/include/TH -I/ailab/user/wangxuhong/.conda/envs/occformer/lib/python3.7/site-packages/torch/include/THC -I/ailab/apps/cuda/11.8/include -I/ailab/user/wangxuhong/.conda/envs/occformer/lib/python3.7/site-packages/torch/include -I/ailab/user/wangxuhong/.conda/envs/occformer/lib/python3.7/site-packages/torch/include/torch/csrc/api/include -I/ailab/user/wangxuhong/.conda/envs/occformer/lib/python3.7/site-packages/torch/include/TH -I/ailab/user/wangxuhong/.conda/envs/occformer/lib/python3.7/site-packages/torch/include/THC -I/ailab/apps/cuda/11.8/include -I/ailab/user/wangxuhong/.conda/envs/occformer/lib/python3.7/site-packages/torch/include -I/ailab/user/wangxuhong/.conda/envs/occformer/lib/python3.7/site-packages/torch/include/torch/csrc/api/include -I/ailab/user/wangxuhong/.conda/envs/occformer/lib/python3.7/site-packages/torch/include/TH -I/ailab/user/wangxuhong/.conda/envs/occformer/lib/python3.7/site-packages/torch/include/THC -I/ailab/apps/cuda/11.8/include -I/ailab/user/wangxuhong/.conda/envs/occformer/lib/python3.7/site-packages/torch/include -I/ailab/user/wangxuhong/.conda/envs/occformer/lib/python3.7/site-packages/torch/include/torch/csrc/api/include -I/ailab/user/wangxuhong/.conda/envs/occformer/lib/python3.7/site-packages/torch/include/TH -I/ailab/user/wangxuhong/.conda/envs/occformer/lib/python3.7/site-packages/torch/include/THC -I/ailab/apps/cuda/11.8/include -I/ailab/user/wangxuhong/.conda/envs/occformer/lib/python3.7/site-packages/torch/include -I/ailab/user/wangxuhong/.conda/envs/occformer/lib/python3.7/site-packages/torch/include/torch/csrc/api/include -I/ailab/user/wangxuhong/.conda/envs/occformer/lib/python3.7/site-packages/torch/include/TH -I/ailab/user/wangxuhong/.conda/envs/occformer/lib/python3.7/site-packages/torch/include/THC -I/ailab/apps/cuda/11.8/include -I/ailab/user/wangxuhong/.conda/envs/occformer/lib/python3.7/site-packages/torch/include -I/ailab/user/wangxuhong/.conda/envs/occformer/lib/python3.7/site-packages/torch/include/torch/csrc/api/include -I/ailab/user/wangxuhong/.conda/envs/occformer/lib/python3.7/site-packages/torch/include/TH -I/ailab/user/wangxuhong/.conda/envs/occformer/lib/python3.7/site-packages/torch/include/THC -I/ailab/apps/cuda/11.8/include -I/ailab/user/wangxuhong/.conda/envs/occformer/lib/python3.7/site-packages/torch/include -I/ailab/user/wangxuhong/.conda/envs/occformer/lib/python3.7/site-packages/torch/include/torch/csrc/api/include -I/ailab/user/wangxuhong/.conda/envs/occformer/lib/python3.7/site-packages/torch/include/TH -I/ailab/user/wangxuhong/.conda/envs/occformer/lib/python3.7/site-packages/torch/include/THC -I/ailab/apps/cuda/11.8/include -I/ailab/user/wangxuhong/.conda/envs/occformer/lib/python3.7/site-packages/torch/include -I/ailab/user/wangxuhong/.conda/envs/occformer/lib/python3.7/site-packages/torch/include/torch/csrc/api/include -I/ailab/user/wangxuhong/.conda/envs/occformer/lib/python3.7/site-packages/torch/include/TH -I/ailab/user/wangxuhong/.conda/envs/occformer/lib/python3.7/site-packages/torch/include/THC -I/ailab/apps/cuda/11.8/include -I/ailab/user/wangxuhong/.conda/envs/occformer/lib/python3.7/site-packages/torch/include -I/ailab/user/wangxuhong/.conda/envs/occformer/lib/python3.7/site-packages/torch/include/torch/csrc/api/include -I/ailab/user/wangxuhong/.conda/envs/occformer/lib/python3.7/site-packages/torch/include/TH -I/ailab/user/wangxuhong/.conda/envs/occformer/lib/python3.7/site-packages/torch/include/THC -I/ailab/apps/cuda/11.8/include -I/ailab/user/wangxuhong/.conda/envs/occformer/lib/python3.7/site-packages/torch/include -I/ailab/user/wangxuhong/.conda/envs/occformer/lib/python3.7/site-packages/torch/include/torch/csrc/api/include -I/ailab/user/wangxuhong/.conda/envs/occformer/lib/python3.7/site-packages/torch/include/TH -I/ailab/user/wangxuhong/.conda/envs/occformer/lib/python3.7/site-packages/torch/include/THC -I/ailab/apps/cuda/11.8/include -I/ailab/user/wangxuhong/.conda/envs/occformer/include/python3.7m -c -c /ailab/user/wangxuhong/yuqiucheng/OccFormer-main/mmdetection3d/mmdet3d/ops/voxel/src/voxelization_cuda.cu -o /ailab/user/wangxuhong/yuqiucheng/OccFormer-main/mmdetection3d/build/temp.linux-x86_64-cpython-37/mmdet3d/ops/voxel/src/voxelization_cuda.o -D__CUDA_NO_HALF_OPERATORS__ -D__CUDA_NO_HALF_CONVERSIONS__ -D__CUDA_NO_BFLOAT16_CONVERSIONS__ -D__CUDA_NO_HALF2_OPERATORS__ --expt-relaxed-constexpr --compiler-options ''"'"'-fPIC'"'"'' -D__CUDA_NO_HALF_OPERATORS__ -D__CUDA_NO_HALF_CONVERSIONS__ -D__CUDA_NO_HALF2_OPERATORS__ -DTORCH_API_INCLUDE_EXTENSION_H '-DPYBIND11_COMPILER_TYPE="_gcc"' '-DPYBIND11_STDLIB="_libstdcpp"' '-DPYBIND11_BUILD_ABI="_cxxabi1011"' -DTORCH_EXTENSION_NAME=voxel_layer -D_GLIBCXX_USE_CXX11_ABI=0 -gencode=arch=compute_86,code=compute_86 -gencode=arch=compute_86,code=sm_86 -std=c++14
    /ailab/user/wangxuhong/.conda/envs/occformer/lib/python3.7/site-packages/torch/include/ATen/core/builtin_function.h(110): warning #20236-D: pragma "diag_suppress" is deprecated, use "nv_diag_suppress" instead

    /ailab/user/wangxuhong/.conda/envs/occformer/lib/python3.7/site-packages/torch/include/ATen/core/builtin_function.h(117): warning #20236-D: pragma "diag_default" is deprecated, use "nv_diag_default" instead

    /ailab/user/wangxuhong/.conda/envs/occformer/lib/python3.7/site-packages/torch/include/ATen/core/builtin_function.h(110): warning #20236-D: pragma "diag_suppress" is deprecated, use "nv_diag_suppress" instead

    /ailab/user/wangxuhong/.conda/envs/occformer/lib/python3.7/site-packages/torch/include/ATen/core/builtin_function.h(117): warning #20236-D: pragma "diag_default" is deprecated, use "nv_diag_default" instead

    /ailab/user/wangxuhong/.conda/envs/occformer/lib/python3.7/site-packages/torch/include/ATen/core/builtin_function.h(110): warning #20236-D: pragma "diag_suppress" is deprecated, use "nv_diag_suppress" instead

    /ailab/user/wangxuhong/.conda/envs/occformer/lib/python3.7/site-packages/torch/include/ATen/core/builtin_function.h(117): warning #20236-D: pragma "diag_default" is deprecated, use "nv_diag_default" instead

    /ailab/user/wangxuhong/.conda/envs/occformer/lib/python3.7/site-packages/torch/include/ATen/core/builtin_function.h(110): warning #20236-D: pragma "diag_suppress" is deprecated, use "nv_diag_suppress" instead

    /ailab/user/wangxuhong/.conda/envs/occformer/lib/python3.7/site-packages/torch/include/ATen/core/builtin_function.h(117): warning #20236-D: pragma "diag_default" is deprecated, use "nv_diag_default" instead

    g++ -pthread -B /ailab/user/wangxuhong/.conda/envs/occformer/compiler_compat -Wl,--sysroot=/ -pthread -shared -B /ailab/user/wangxuhong/.conda/envs/occformer/compiler_compat -L/ailab/user/wangxuhong/.conda/envs/occformer/lib -Wl,-rpath=/ailab/user/wangxuhong/.conda/envs/occformer/lib -Wl,--no-as-needed -Wl,--sysroot=/ /ailab/user/wangxuhong/yuqiucheng/OccFormer-main/mmdetection3d/build/temp.linux-x86_64-cpython-37/mmdet3d/ops/voxel/src/scatter_points_cpu.o /ailab/user/wangxuhong/yuqiucheng/OccFormer-main/mmdetection3d/build/temp.linux-x86_64-cpython-37/mmdet3d/ops/voxel/src/scatter_points_cuda.o /ailab/user/wangxuhong/yuqiucheng/OccFormer-main/mmdetection3d/build/temp.linux-x86_64-cpython-37/mmdet3d/ops/voxel/src/voxelization.o /ailab/user/wangxuhong/yuqiucheng/OccFormer-main/mmdetection3d/build/temp.linux-x86_64-cpython-37/mmdet3d/ops/voxel/src/voxelization_cpu.o /ailab/user/wangxuhong/yuqiucheng/OccFormer-main/mmdetection3d/build/temp.linux-x86_64-cpython-37/mmdet3d/ops/voxel/src/voxelization_cuda.o -L/ailab/user/wangxuhong/.conda/envs/occformer/lib/python3.7/site-packages/torch/lib -L/ailab/apps/cuda/11.8/lib64 -lc10 -ltorch -ltorch_cpu -ltorch_python -lcudart -lc10_cuda -ltorch_cuda_cu -ltorch_cuda_cpp -o build/lib.linux-x86_64-cpython-37/mmdet3d/ops/voxel/voxel_layer.cpython-37m-x86_64-linux-gnu.so
    building 'mmdet3d.ops.roiaware_pool3d.roiaware_pool3d_ext' extension
    creating /ailab/user/wangxuhong/yuqiucheng/OccFormer-main/mmdetection3d/build/temp.linux-x86_64-cpython-37/mmdet3d/ops/roiaware_pool3d
    creating /ailab/user/wangxuhong/yuqiucheng/OccFormer-main/mmdetection3d/build/temp.linux-x86_64-cpython-37/mmdet3d/ops/roiaware_pool3d/src
    Emitting ninja build file /ailab/user/wangxuhong/yuqiucheng/OccFormer-main/mmdetection3d/build/temp.linux-x86_64-cpython-37/build.ninja...
    Compiling objects...
    Allowing ninja to set a default number of workers... (overridable by setting the environment variable MAX_JOBS=N)
    [1/4] c++ -MMD -MF /ailab/user/wangxuhong/yuqiucheng/OccFormer-main/mmdetection3d/build/temp.linux-x86_64-cpython-37/mmdet3d/ops/roiaware_pool3d/src/points_in_boxes_cpu.o.d -pthread -B /ailab/user/wangxuhong/.conda/envs/occformer/compiler_compat -Wl,--sysroot=/ -Wsign-compare -DNDEBUG -g -fwrapv -O3 -Wall -Wstrict-prototypes -fPIC -DWITH_CUDA -I/ailab/user/wangxuhong/.conda/envs/occformer/lib/python3.7/site-packages/torch/include -I/ailab/user/wangxuhong/.conda/envs/occformer/lib/python3.7/site-packages/torch/include/torch/csrc/api/include -I/ailab/user/wangxuhong/.conda/envs/occformer/lib/python3.7/site-packages/torch/include/TH -I/ailab/user/wangxuhong/.conda/envs/occformer/lib/python3.7/site-packages/torch/include/THC -I/ailab/apps/cuda/11.8/include -I/ailab/user/wangxuhong/.conda/envs/occformer/lib/python3.7/site-packages/torch/include -I/ailab/user/wangxuhong/.conda/envs/occformer/lib/python3.7/site-packages/torch/include/torch/csrc/api/include -I/ailab/user/wangxuhong/.conda/envs/occformer/lib/python3.7/site-packages/torch/include/TH -I/ailab/user/wangxuhong/.conda/envs/occformer/lib/python3.7/site-packages/torch/include/THC -I/ailab/apps/cuda/11.8/include -I/ailab/user/wangxuhong/.conda/envs/occformer/lib/python3.7/site-packages/torch/include -I/ailab/user/wangxuhong/.conda/envs/occformer/lib/python3.7/site-packages/torch/include/torch/csrc/api/include -I/ailab/user/wangxuhong/.conda/envs/occformer/lib/python3.7/site-packages/torch/include/TH -I/ailab/user/wangxuhong/.conda/envs/occformer/lib/python3.7/site-packages/torch/include/THC -I/ailab/apps/cuda/11.8/include -I/ailab/user/wangxuhong/.conda/envs/occformer/lib/python3.7/site-packages/torch/include -I/ailab/user/wangxuhong/.conda/envs/occformer/lib/python3.7/site-packages/torch/include/torch/csrc/api/include -I/ailab/user/wangxuhong/.conda/envs/occformer/lib/python3.7/site-packages/torch/include/TH -I/ailab/user/wangxuhong/.conda/envs/occformer/lib/python3.7/site-packages/torch/include/THC -I/ailab/apps/cuda/11.8/include -I/ailab/user/wangxuhong/.conda/envs/occformer/lib/python3.7/site-packages/torch/include -I/ailab/user/wangxuhong/.conda/envs/occformer/lib/python3.7/site-packages/torch/include/torch/csrc/api/include -I/ailab/user/wangxuhong/.conda/envs/occformer/lib/python3.7/site-packages/torch/include/TH -I/ailab/user/wangxuhong/.conda/envs/occformer/lib/python3.7/site-packages/torch/include/THC -I/ailab/apps/cuda/11.8/include -I/ailab/user/wangxuhong/.conda/envs/occformer/lib/python3.7/site-packages/torch/include -I/ailab/user/wangxuhong/.conda/envs/occformer/lib/python3.7/site-packages/torch/include/torch/csrc/api/include -I/ailab/user/wangxuhong/.conda/envs/occformer/lib/python3.7/site-packages/torch/include/TH -I/ailab/user/wangxuhong/.conda/envs/occformer/lib/python3.7/site-packages/torch/include/THC -I/ailab/apps/cuda/11.8/include -I/ailab/user/wangxuhong/.conda/envs/occformer/lib/python3.7/site-packages/torch/include -I/ailab/user/wangxuhong/.conda/envs/occformer/lib/python3.7/site-packages/torch/include/torch/csrc/api/include -I/ailab/user/wangxuhong/.conda/envs/occformer/lib/python3.7/site-packages/torch/include/TH -I/ailab/user/wangxuhong/.conda/envs/occformer/lib/python3.7/site-packages/torch/include/THC -I/ailab/apps/cuda/11.8/include -I/ailab/user/wangxuhong/.conda/envs/occformer/lib/python3.7/site-packages/torch/include -I/ailab/user/wangxuhong/.conda/envs/occformer/lib/python3.7/site-packages/torch/include/torch/csrc/api/include -I/ailab/user/wangxuhong/.conda/envs/occformer/lib/python3.7/site-packages/torch/include/TH -I/ailab/user/wangxuhong/.conda/envs/occformer/lib/python3.7/site-packages/torch/include/THC -I/ailab/apps/cuda/11.8/include -I/ailab/user/wangxuhong/.conda/envs/occformer/lib/python3.7/site-packages/torch/include -I/ailab/user/wangxuhong/.conda/envs/occformer/lib/python3.7/site-packages/torch/include/torch/csrc/api/include -I/ailab/user/wangxuhong/.conda/envs/occformer/lib/python3.7/site-packages/torch/include/TH -I/ailab/user/wangxuhong/.conda/envs/occformer/lib/python3.7/site-packages/torch/include/THC -I/ailab/apps/cuda/11.8/include -I/ailab/user/wangxuhong/.conda/envs/occformer/lib/python3.7/site-packages/torch/include -I/ailab/user/wangxuhong/.conda/envs/occformer/lib/python3.7/site-packages/torch/include/torch/csrc/api/include -I/ailab/user/wangxuhong/.conda/envs/occformer/lib/python3.7/site-packages/torch/include/TH -I/ailab/user/wangxuhong/.conda/envs/occformer/lib/python3.7/site-packages/torch/include/THC -I/ailab/apps/cuda/11.8/include -I/ailab/user/wangxuhong/.conda/envs/occformer/lib/python3.7/site-packages/torch/include -I/ailab/user/wangxuhong/.conda/envs/occformer/lib/python3.7/site-packages/torch/include/torch/csrc/api/include -I/ailab/user/wangxuhong/.conda/envs/occformer/lib/python3.7/site-packages/torch/include/TH -I/ailab/user/wangxuhong/.conda/envs/occformer/lib/python3.7/site-packages/torch/include/THC -I/ailab/apps/cuda/11.8/include -I/ailab/user/wangxuhong/.conda/envs/occformer/lib/python3.7/site-packages/torch/include -I/ailab/user/wangxuhong/.conda/envs/occformer/lib/python3.7/site-packages/torch/include/torch/csrc/api/include -I/ailab/user/wangxuhong/.conda/envs/occformer/lib/python3.7/site-packages/torch/include/TH -I/ailab/user/wangxuhong/.conda/envs/occformer/lib/python3.7/site-packages/torch/include/THC -I/ailab/apps/cuda/11.8/include -I/ailab/user/wangxuhong/.conda/envs/occformer/lib/python3.7/site-packages/torch/include -I/ailab/user/wangxuhong/.conda/envs/occformer/lib/python3.7/site-packages/torch/include/torch/csrc/api/include -I/ailab/user/wangxuhong/.conda/envs/occformer/lib/python3.7/site-packages/torch/include/TH -I/ailab/user/wangxuhong/.conda/envs/occformer/lib/python3.7/site-packages/torch/include/THC -I/ailab/apps/cuda/11.8/include -I/ailab/user/wangxuhong/.conda/envs/occformer/include/python3.7m -c -c /ailab/user/wangxuhong/yuqiucheng/OccFormer-main/mmdetection3d/mmdet3d/ops/roiaware_pool3d/src/points_in_boxes_cpu.cpp -o /ailab/user/wangxuhong/yuqiucheng/OccFormer-main/mmdetection3d/build/temp.linux-x86_64-cpython-37/mmdet3d/ops/roiaware_pool3d/src/points_in_boxes_cpu.o -DTORCH_API_INCLUDE_EXTENSION_H '-DPYBIND11_COMPILER_TYPE="_gcc"' '-DPYBIND11_STDLIB="_libstdcpp"' '-DPYBIND11_BUILD_ABI="_cxxabi1011"' -DTORCH_EXTENSION_NAME=roiaware_pool3d_ext -D_GLIBCXX_USE_CXX11_ABI=0 -std=c++14
    cc1plus: warning: command line option ‘-Wstrict-prototypes’ is valid for C/ObjC but not for C++
    [2/4] /ailab/apps/cuda/11.8/bin/nvcc  -DWITH_CUDA -I/ailab/user/wangxuhong/.conda/envs/occformer/lib/python3.7/site-packages/torch/include -I/ailab/user/wangxuhong/.conda/envs/occformer/lib/python3.7/site-packages/torch/include/torch/csrc/api/include -I/ailab/user/wangxuhong/.conda/envs/occformer/lib/python3.7/site-packages/torch/include/TH -I/ailab/user/wangxuhong/.conda/envs/occformer/lib/python3.7/site-packages/torch/include/THC -I/ailab/apps/cuda/11.8/include -I/ailab/user/wangxuhong/.conda/envs/occformer/lib/python3.7/site-packages/torch/include -I/ailab/user/wangxuhong/.conda/envs/occformer/lib/python3.7/site-packages/torch/include/torch/csrc/api/include -I/ailab/user/wangxuhong/.conda/envs/occformer/lib/python3.7/site-packages/torch/include/TH -I/ailab/user/wangxuhong/.conda/envs/occformer/lib/python3.7/site-packages/torch/include/THC -I/ailab/apps/cuda/11.8/include -I/ailab/user/wangxuhong/.conda/envs/occformer/lib/python3.7/site-packages/torch/include -I/ailab/user/wangxuhong/.conda/envs/occformer/lib/python3.7/site-packages/torch/include/torch/csrc/api/include -I/ailab/user/wangxuhong/.conda/envs/occformer/lib/python3.7/site-packages/torch/include/TH -I/ailab/user/wangxuhong/.conda/envs/occformer/lib/python3.7/site-packages/torch/include/THC -I/ailab/apps/cuda/11.8/include -I/ailab/user/wangxuhong/.conda/envs/occformer/lib/python3.7/site-packages/torch/include -I/ailab/user/wangxuhong/.conda/envs/occformer/lib/python3.7/site-packages/torch/include/torch/csrc/api/include -I/ailab/user/wangxuhong/.conda/envs/occformer/lib/python3.7/site-packages/torch/include/TH -I/ailab/user/wangxuhong/.conda/envs/occformer/lib/python3.7/site-packages/torch/include/THC -I/ailab/apps/cuda/11.8/include -I/ailab/user/wangxuhong/.conda/envs/occformer/lib/python3.7/site-packages/torch/include -I/ailab/user/wangxuhong/.conda/envs/occformer/lib/python3.7/site-packages/torch/include/torch/csrc/api/include -I/ailab/user/wangxuhong/.conda/envs/occformer/lib/python3.7/site-packages/torch/include/TH -I/ailab/user/wangxuhong/.conda/envs/occformer/lib/python3.7/site-packages/torch/include/THC -I/ailab/apps/cuda/11.8/include -I/ailab/user/wangxuhong/.conda/envs/occformer/lib/python3.7/site-packages/torch/include -I/ailab/user/wangxuhong/.conda/envs/occformer/lib/python3.7/site-packages/torch/include/torch/csrc/api/include -I/ailab/user/wangxuhong/.conda/envs/occformer/lib/python3.7/site-packages/torch/include/TH -I/ailab/user/wangxuhong/.conda/envs/occformer/lib/python3.7/site-packages/torch/include/THC -I/ailab/apps/cuda/11.8/include -I/ailab/user/wangxuhong/.conda/envs/occformer/lib/python3.7/site-packages/torch/include -I/ailab/user/wangxuhong/.conda/envs/occformer/lib/python3.7/site-packages/torch/include/torch/csrc/api/include -I/ailab/user/wangxuhong/.conda/envs/occformer/lib/python3.7/site-packages/torch/include/TH -I/ailab/user/wangxuhong/.conda/envs/occformer/lib/python3.7/site-packages/torch/include/THC -I/ailab/apps/cuda/11.8/include -I/ailab/user/wangxuhong/.conda/envs/occformer/lib/python3.7/site-packages/torch/include -I/ailab/user/wangxuhong/.conda/envs/occformer/lib/python3.7/site-packages/torch/include/torch/csrc/api/include -I/ailab/user/wangxuhong/.conda/envs/occformer/lib/python3.7/site-packages/torch/include/TH -I/ailab/user/wangxuhong/.conda/envs/occformer/lib/python3.7/site-packages/torch/include/THC -I/ailab/apps/cuda/11.8/include -I/ailab/user/wangxuhong/.conda/envs/occformer/lib/python3.7/site-packages/torch/include -I/ailab/user/wangxuhong/.conda/envs/occformer/lib/python3.7/site-packages/torch/include/torch/csrc/api/include -I/ailab/user/wangxuhong/.conda/envs/occformer/lib/python3.7/site-packages/torch/include/TH -I/ailab/user/wangxuhong/.conda/envs/occformer/lib/python3.7/site-packages/torch/include/THC -I/ailab/apps/cuda/11.8/include -I/ailab/user/wangxuhong/.conda/envs/occformer/lib/python3.7/site-packages/torch/include -I/ailab/user/wangxuhong/.conda/envs/occformer/lib/python3.7/site-packages/torch/include/torch/csrc/api/include -I/ailab/user/wangxuhong/.conda/envs/occformer/lib/python3.7/site-packages/torch/include/TH -I/ailab/user/wangxuhong/.conda/envs/occformer/lib/python3.7/site-packages/torch/include/THC -I/ailab/apps/cuda/11.8/include -I/ailab/user/wangxuhong/.conda/envs/occformer/lib/python3.7/site-packages/torch/include -I/ailab/user/wangxuhong/.conda/envs/occformer/lib/python3.7/site-packages/torch/include/torch/csrc/api/include -I/ailab/user/wangxuhong/.conda/envs/occformer/lib/python3.7/site-packages/torch/include/TH -I/ailab/user/wangxuhong/.conda/envs/occformer/lib/python3.7/site-packages/torch/include/THC -I/ailab/apps/cuda/11.8/include -I/ailab/user/wangxuhong/.conda/envs/occformer/lib/python3.7/site-packages/torch/include -I/ailab/user/wangxuhong/.conda/envs/occformer/lib/python3.7/site-packages/torch/include/torch/csrc/api/include -I/ailab/user/wangxuhong/.conda/envs/occformer/lib/python3.7/site-packages/torch/include/TH -I/ailab/user/wangxuhong/.conda/envs/occformer/lib/python3.7/site-packages/torch/include/THC -I/ailab/apps/cuda/11.8/include -I/ailab/user/wangxuhong/.conda/envs/occformer/lib/python3.7/site-packages/torch/include -I/ailab/user/wangxuhong/.conda/envs/occformer/lib/python3.7/site-packages/torch/include/torch/csrc/api/include -I/ailab/user/wangxuhong/.conda/envs/occformer/lib/python3.7/site-packages/torch/include/TH -I/ailab/user/wangxuhong/.conda/envs/occformer/lib/python3.7/site-packages/torch/include/THC -I/ailab/apps/cuda/11.8/include -I/ailab/user/wangxuhong/.conda/envs/occformer/include/python3.7m -c -c /ailab/user/wangxuhong/yuqiucheng/OccFormer-main/mmdetection3d/mmdet3d/ops/roiaware_pool3d/src/roiaware_pool3d_kernel.cu -o /ailab/user/wangxuhong/yuqiucheng/OccFormer-main/mmdetection3d/build/temp.linux-x86_64-cpython-37/mmdet3d/ops/roiaware_pool3d/src/roiaware_pool3d_kernel.o -D__CUDA_NO_HALF_OPERATORS__ -D__CUDA_NO_HALF_CONVERSIONS__ -D__CUDA_NO_BFLOAT16_CONVERSIONS__ -D__CUDA_NO_HALF2_OPERATORS__ --expt-relaxed-constexpr --compiler-options ''"'"'-fPIC'"'"'' -D__CUDA_NO_HALF_OPERATORS__ -D__CUDA_NO_HALF_CONVERSIONS__ -D__CUDA_NO_HALF2_OPERATORS__ -DTORCH_API_INCLUDE_EXTENSION_H '-DPYBIND11_COMPILER_TYPE="_gcc"' '-DPYBIND11_STDLIB="_libstdcpp"' '-DPYBIND11_BUILD_ABI="_cxxabi1011"' -DTORCH_EXTENSION_NAME=roiaware_pool3d_ext -D_GLIBCXX_USE_CXX11_ABI=0 -gencode=arch=compute_86,code=compute_86 -gencode=arch=compute_86,code=sm_86 -std=c++14
    /ailab/user/wangxuhong/.conda/envs/occformer/lib/python3.7/site-packages/torch/include/ATen/core/builtin_function.h(110): warning #20236-D: pragma "diag_suppress" is deprecated, use "nv_diag_suppress" instead

    /ailab/user/wangxuhong/.conda/envs/occformer/lib/python3.7/site-packages/torch/include/ATen/core/builtin_function.h(117): warning #20236-D: pragma "diag_default" is deprecated, use "nv_diag_default" instead

    /ailab/user/wangxuhong/.conda/envs/occformer/lib/python3.7/site-packages/torch/include/ATen/core/builtin_function.h(110): warning #20236-D: pragma "diag_suppress" is deprecated, use "nv_diag_suppress" instead

    /ailab/user/wangxuhong/.conda/envs/occformer/lib/python3.7/site-packages/torch/include/ATen/core/builtin_function.h(117): warning #20236-D: pragma "diag_default" is deprecated, use "nv_diag_default" instead

    /ailab/user/wangxuhong/.conda/envs/occformer/lib/python3.7/site-packages/torch/include/ATen/core/builtin_function.h(110): warning #20236-D: pragma "diag_suppress" is deprecated, use "nv_diag_suppress" instead

    /ailab/user/wangxuhong/.conda/envs/occformer/lib/python3.7/site-packages/torch/include/ATen/core/builtin_function.h(117): warning #20236-D: pragma "diag_default" is deprecated, use "nv_diag_default" instead

    /ailab/user/wangxuhong/.conda/envs/occformer/lib/python3.7/site-packages/torch/include/ATen/core/builtin_function.h(110): warning #20236-D: pragma "diag_suppress" is deprecated, use "nv_diag_suppress" instead

    /ailab/user/wangxuhong/.conda/envs/occformer/lib/python3.7/site-packages/torch/include/ATen/core/builtin_function.h(117): warning #20236-D: pragma "diag_default" is deprecated, use "nv_diag_default" instead

    [3/4] /ailab/apps/cuda/11.8/bin/nvcc  -DWITH_CUDA -I/ailab/user/wangxuhong/.conda/envs/occformer/lib/python3.7/site-packages/torch/include -I/ailab/user/wangxuhong/.conda/envs/occformer/lib/python3.7/site-packages/torch/include/torch/csrc/api/include -I/ailab/user/wangxuhong/.conda/envs/occformer/lib/python3.7/site-packages/torch/include/TH -I/ailab/user/wangxuhong/.conda/envs/occformer/lib/python3.7/site-packages/torch/include/THC -I/ailab/apps/cuda/11.8/include -I/ailab/user/wangxuhong/.conda/envs/occformer/lib/python3.7/site-packages/torch/include -I/ailab/user/wangxuhong/.conda/envs/occformer/lib/python3.7/site-packages/torch/include/torch/csrc/api/include -I/ailab/user/wangxuhong/.conda/envs/occformer/lib/python3.7/site-packages/torch/include/TH -I/ailab/user/wangxuhong/.conda/envs/occformer/lib/python3.7/site-packages/torch/include/THC -I/ailab/apps/cuda/11.8/include -I/ailab/user/wangxuhong/.conda/envs/occformer/lib/python3.7/site-packages/torch/include -I/ailab/user/wangxuhong/.conda/envs/occformer/lib/python3.7/site-packages/torch/include/torch/csrc/api/include -I/ailab/user/wangxuhong/.conda/envs/occformer/lib/python3.7/site-packages/torch/include/TH -I/ailab/user/wangxuhong/.conda/envs/occformer/lib/python3.7/site-packages/torch/include/THC -I/ailab/apps/cuda/11.8/include -I/ailab/user/wangxuhong/.conda/envs/occformer/lib/python3.7/site-packages/torch/include -I/ailab/user/wangxuhong/.conda/envs/occformer/lib/python3.7/site-packages/torch/include/torch/csrc/api/include -I/ailab/user/wangxuhong/.conda/envs/occformer/lib/python3.7/site-packages/torch/include/TH -I/ailab/user/wangxuhong/.conda/envs/occformer/lib/python3.7/site-packages/torch/include/THC -I/ailab/apps/cuda/11.8/include -I/ailab/user/wangxuhong/.conda/envs/occformer/lib/python3.7/site-packages/torch/include -I/ailab/user/wangxuhong/.conda/envs/occformer/lib/python3.7/site-packages/torch/include/torch/csrc/api/include -I/ailab/user/wangxuhong/.conda/envs/occformer/lib/python3.7/site-packages/torch/include/TH -I/ailab/user/wangxuhong/.conda/envs/occformer/lib/python3.7/site-packages/torch/include/THC -I/ailab/apps/cuda/11.8/include -I/ailab/user/wangxuhong/.conda/envs/occformer/lib/python3.7/site-packages/torch/include -I/ailab/user/wangxuhong/.conda/envs/occformer/lib/python3.7/site-packages/torch/include/torch/csrc/api/include -I/ailab/user/wangxuhong/.conda/envs/occformer/lib/python3.7/site-packages/torch/include/TH -I/ailab/user/wangxuhong/.conda/envs/occformer/lib/python3.7/site-packages/torch/include/THC -I/ailab/apps/cuda/11.8/include -I/ailab/user/wangxuhong/.conda/envs/occformer/lib/python3.7/site-packages/torch/include -I/ailab/user/wangxuhong/.conda/envs/occformer/lib/python3.7/site-packages/torch/include/torch/csrc/api/include -I/ailab/user/wangxuhong/.conda/envs/occformer/lib/python3.7/site-packages/torch/include/TH -I/ailab/user/wangxuhong/.conda/envs/occformer/lib/python3.7/site-packages/torch/include/THC -I/ailab/apps/cuda/11.8/include -I/ailab/user/wangxuhong/.conda/envs/occformer/lib/python3.7/site-packages/torch/include -I/ailab/user/wangxuhong/.conda/envs/occformer/lib/python3.7/site-packages/torch/include/torch/csrc/api/include -I/ailab/user/wangxuhong/.conda/envs/occformer/lib/python3.7/site-packages/torch/include/TH -I/ailab/user/wangxuhong/.conda/envs/occformer/lib/python3.7/site-packages/torch/include/THC -I/ailab/apps/cuda/11.8/include -I/ailab/user/wangxuhong/.conda/envs/occformer/lib/python3.7/site-packages/torch/include -I/ailab/user/wangxuhong/.conda/envs/occformer/lib/python3.7/site-packages/torch/include/torch/csrc/api/include -I/ailab/user/wangxuhong/.conda/envs/occformer/lib/python3.7/site-packages/torch/include/TH -I/ailab/user/wangxuhong/.conda/envs/occformer/lib/python3.7/site-packages/torch/include/THC -I/ailab/apps/cuda/11.8/include -I/ailab/user/wangxuhong/.conda/envs/occformer/lib/python3.7/site-packages/torch/include -I/ailab/user/wangxuhong/.conda/envs/occformer/lib/python3.7/site-packages/torch/include/torch/csrc/api/include -I/ailab/user/wangxuhong/.conda/envs/occformer/lib/python3.7/site-packages/torch/include/TH -I/ailab/user/wangxuhong/.conda/envs/occformer/lib/python3.7/site-packages/torch/include/THC -I/ailab/apps/cuda/11.8/include -I/ailab/user/wangxuhong/.conda/envs/occformer/lib/python3.7/site-packages/torch/include -I/ailab/user/wangxuhong/.conda/envs/occformer/lib/python3.7/site-packages/torch/include/torch/csrc/api/include -I/ailab/user/wangxuhong/.conda/envs/occformer/lib/python3.7/site-packages/torch/include/TH -I/ailab/user/wangxuhong/.conda/envs/occformer/lib/python3.7/site-packages/torch/include/THC -I/ailab/apps/cuda/11.8/include -I/ailab/user/wangxuhong/.conda/envs/occformer/lib/python3.7/site-packages/torch/include -I/ailab/user/wangxuhong/.conda/envs/occformer/lib/python3.7/site-packages/torch/include/torch/csrc/api/include -I/ailab/user/wangxuhong/.conda/envs/occformer/lib/python3.7/site-packages/torch/include/TH -I/ailab/user/wangxuhong/.conda/envs/occformer/lib/python3.7/site-packages/torch/include/THC -I/ailab/apps/cuda/11.8/include -I/ailab/user/wangxuhong/.conda/envs/occformer/lib/python3.7/site-packages/torch/include -I/ailab/user/wangxuhong/.conda/envs/occformer/lib/python3.7/site-packages/torch/include/torch/csrc/api/include -I/ailab/user/wangxuhong/.conda/envs/occformer/lib/python3.7/site-packages/torch/include/TH -I/ailab/user/wangxuhong/.conda/envs/occformer/lib/python3.7/site-packages/torch/include/THC -I/ailab/apps/cuda/11.8/include -I/ailab/user/wangxuhong/.conda/envs/occformer/include/python3.7m -c -c /ailab/user/wangxuhong/yuqiucheng/OccFormer-main/mmdetection3d/mmdet3d/ops/roiaware_pool3d/src/points_in_boxes_cuda.cu -o /ailab/user/wangxuhong/yuqiucheng/OccFormer-main/mmdetection3d/build/temp.linux-x86_64-cpython-37/mmdet3d/ops/roiaware_pool3d/src/points_in_boxes_cuda.o -D__CUDA_NO_HALF_OPERATORS__ -D__CUDA_NO_HALF_CONVERSIONS__ -D__CUDA_NO_BFLOAT16_CONVERSIONS__ -D__CUDA_NO_HALF2_OPERATORS__ --expt-relaxed-constexpr --compiler-options ''"'"'-fPIC'"'"'' -D__CUDA_NO_HALF_OPERATORS__ -D__CUDA_NO_HALF_CONVERSIONS__ -D__CUDA_NO_HALF2_OPERATORS__ -DTORCH_API_INCLUDE_EXTENSION_H '-DPYBIND11_COMPILER_TYPE="_gcc"' '-DPYBIND11_STDLIB="_libstdcpp"' '-DPYBIND11_BUILD_ABI="_cxxabi1011"' -DTORCH_EXTENSION_NAME=roiaware_pool3d_ext -D_GLIBCXX_USE_CXX11_ABI=0 -gencode=arch=compute_86,code=compute_86 -gencode=arch=compute_86,code=sm_86 -std=c++14
    /ailab/user/wangxuhong/.conda/envs/occformer/lib/python3.7/site-packages/torch/include/ATen/core/builtin_function.h(110): warning #20236-D: pragma "diag_suppress" is deprecated, use "nv_diag_suppress" instead

    /ailab/user/wangxuhong/.conda/envs/occformer/lib/python3.7/site-packages/torch/include/ATen/core/builtin_function.h(117): warning #20236-D: pragma "diag_default" is deprecated, use "nv_diag_default" instead

    /ailab/user/wangxuhong/.conda/envs/occformer/lib/python3.7/site-packages/torch/include/ATen/core/builtin_function.h(110): warning #20236-D: pragma "diag_suppress" is deprecated, use "nv_diag_suppress" instead

    /ailab/user/wangxuhong/.conda/envs/occformer/lib/python3.7/site-packages/torch/include/ATen/core/builtin_function.h(117): warning #20236-D: pragma "diag_default" is deprecated, use "nv_diag_default" instead

    /ailab/user/wangxuhong/.conda/envs/occformer/lib/python3.7/site-packages/torch/include/ATen/core/builtin_function.h(110): warning #20236-D: pragma "diag_suppress" is deprecated, use "nv_diag_suppress" instead

    /ailab/user/wangxuhong/.conda/envs/occformer/lib/python3.7/site-packages/torch/include/ATen/core/builtin_function.h(117): warning #20236-D: pragma "diag_default" is deprecated, use "nv_diag_default" instead

    /ailab/user/wangxuhong/.conda/envs/occformer/lib/python3.7/site-packages/torch/include/ATen/core/builtin_function.h(110): warning #20236-D: pragma "diag_suppress" is deprecated, use "nv_diag_suppress" instead

    /ailab/user/wangxuhong/.conda/envs/occformer/lib/python3.7/site-packages/torch/include/ATen/core/builtin_function.h(117): warning #20236-D: pragma "diag_default" is deprecated, use "nv_diag_default" instead

    [4/4] c++ -MMD -MF /ailab/user/wangxuhong/yuqiucheng/OccFormer-main/mmdetection3d/build/temp.linux-x86_64-cpython-37/mmdet3d/ops/roiaware_pool3d/src/roiaware_pool3d.o.d -pthread -B /ailab/user/wangxuhong/.conda/envs/occformer/compiler_compat -Wl,--sysroot=/ -Wsign-compare -DNDEBUG -g -fwrapv -O3 -Wall -Wstrict-prototypes -fPIC -DWITH_CUDA -I/ailab/user/wangxuhong/.conda/envs/occformer/lib/python3.7/site-packages/torch/include -I/ailab/user/wangxuhong/.conda/envs/occformer/lib/python3.7/site-packages/torch/include/torch/csrc/api/include -I/ailab/user/wangxuhong/.conda/envs/occformer/lib/python3.7/site-packages/torch/include/TH -I/ailab/user/wangxuhong/.conda/envs/occformer/lib/python3.7/site-packages/torch/include/THC -I/ailab/apps/cuda/11.8/include -I/ailab/user/wangxuhong/.conda/envs/occformer/lib/python3.7/site-packages/torch/include -I/ailab/user/wangxuhong/.conda/envs/occformer/lib/python3.7/site-packages/torch/include/torch/csrc/api/include -I/ailab/user/wangxuhong/.conda/envs/occformer/lib/python3.7/site-packages/torch/include/TH -I/ailab/user/wangxuhong/.conda/envs/occformer/lib/python3.7/site-packages/torch/include/THC -I/ailab/apps/cuda/11.8/include -I/ailab/user/wangxuhong/.conda/envs/occformer/lib/python3.7/site-packages/torch/include -I/ailab/user/wangxuhong/.conda/envs/occformer/lib/python3.7/site-packages/torch/include/torch/csrc/api/include -I/ailab/user/wangxuhong/.conda/envs/occformer/lib/python3.7/site-packages/torch/include/TH -I/ailab/user/wangxuhong/.conda/envs/occformer/lib/python3.7/site-packages/torch/include/THC -I/ailab/apps/cuda/11.8/include -I/ailab/user/wangxuhong/.conda/envs/occformer/lib/python3.7/site-packages/torch/include -I/ailab/user/wangxuhong/.conda/envs/occformer/lib/python3.7/site-packages/torch/include/torch/csrc/api/include -I/ailab/user/wangxuhong/.conda/envs/occformer/lib/python3.7/site-packages/torch/include/TH -I/ailab/user/wangxuhong/.conda/envs/occformer/lib/python3.7/site-packages/torch/include/THC -I/ailab/apps/cuda/11.8/include -I/ailab/user/wangxuhong/.conda/envs/occformer/lib/python3.7/site-packages/torch/include -I/ailab/user/wangxuhong/.conda/envs/occformer/lib/python3.7/site-packages/torch/include/torch/csrc/api/include -I/ailab/user/wangxuhong/.conda/envs/occformer/lib/python3.7/site-packages/torch/include/TH -I/ailab/user/wangxuhong/.conda/envs/occformer/lib/python3.7/site-packages/torch/include/THC -I/ailab/apps/cuda/11.8/include -I/ailab/user/wangxuhong/.conda/envs/occformer/lib/python3.7/site-packages/torch/include -I/ailab/user/wangxuhong/.conda/envs/occformer/lib/python3.7/site-packages/torch/include/torch/csrc/api/include -I/ailab/user/wangxuhong/.conda/envs/occformer/lib/python3.7/site-packages/torch/include/TH -I/ailab/user/wangxuhong/.conda/envs/occformer/lib/python3.7/site-packages/torch/include/THC -I/ailab/apps/cuda/11.8/include -I/ailab/user/wangxuhong/.conda/envs/occformer/lib/python3.7/site-packages/torch/include -I/ailab/user/wangxuhong/.conda/envs/occformer/lib/python3.7/site-packages/torch/include/torch/csrc/api/include -I/ailab/user/wangxuhong/.conda/envs/occformer/lib/python3.7/site-packages/torch/include/TH -I/ailab/user/wangxuhong/.conda/envs/occformer/lib/python3.7/site-packages/torch/include/THC -I/ailab/apps/cuda/11.8/include -I/ailab/user/wangxuhong/.conda/envs/occformer/lib/python3.7/site-packages/torch/include -I/ailab/user/wangxuhong/.conda/envs/occformer/lib/python3.7/site-packages/torch/include/torch/csrc/api/include -I/ailab/user/wangxuhong/.conda/envs/occformer/lib/python3.7/site-packages/torch/include/TH -I/ailab/user/wangxuhong/.conda/envs/occformer/lib/python3.7/site-packages/torch/include/THC -I/ailab/apps/cuda/11.8/include -I/ailab/user/wangxuhong/.conda/envs/occformer/lib/python3.7/site-packages/torch/include -I/ailab/user/wangxuhong/.conda/envs/occformer/lib/python3.7/site-packages/torch/include/torch/csrc/api/include -I/ailab/user/wangxuhong/.conda/envs/occformer/lib/python3.7/site-packages/torch/include/TH -I/ailab/user/wangxuhong/.conda/envs/occformer/lib/python3.7/site-packages/torch/include/THC -I/ailab/apps/cuda/11.8/include -I/ailab/user/wangxuhong/.conda/envs/occformer/lib/python3.7/site-packages/torch/include -I/ailab/user/wangxuhong/.conda/envs/occformer/lib/python3.7/site-packages/torch/include/torch/csrc/api/include -I/ailab/user/wangxuhong/.conda/envs/occformer/lib/python3.7/site-packages/torch/include/TH -I/ailab/user/wangxuhong/.conda/envs/occformer/lib/python3.7/site-packages/torch/include/THC -I/ailab/apps/cuda/11.8/include -I/ailab/user/wangxuhong/.conda/envs/occformer/lib/python3.7/site-packages/torch/include -I/ailab/user/wangxuhong/.conda/envs/occformer/lib/python3.7/site-packages/torch/include/torch/csrc/api/include -I/ailab/user/wangxuhong/.conda/envs/occformer/lib/python3.7/site-packages/torch/include/TH -I/ailab/user/wangxuhong/.conda/envs/occformer/lib/python3.7/site-packages/torch/include/THC -I/ailab/apps/cuda/11.8/include -I/ailab/user/wangxuhong/.conda/envs/occformer/lib/python3.7/site-packages/torch/include -I/ailab/user/wangxuhong/.conda/envs/occformer/lib/python3.7/site-packages/torch/include/torch/csrc/api/include -I/ailab/user/wangxuhong/.conda/envs/occformer/lib/python3.7/site-packages/torch/include/TH -I/ailab/user/wangxuhong/.conda/envs/occformer/lib/python3.7/site-packages/torch/include/THC -I/ailab/apps/cuda/11.8/include -I/ailab/user/wangxuhong/.conda/envs/occformer/lib/python3.7/site-packages/torch/include -I/ailab/user/wangxuhong/.conda/envs/occformer/lib/python3.7/site-packages/torch/include/torch/csrc/api/include -I/ailab/user/wangxuhong/.conda/envs/occformer/lib/python3.7/site-packages/torch/include/TH -I/ailab/user/wangxuhong/.conda/envs/occformer/lib/python3.7/site-packages/torch/include/THC -I/ailab/apps/cuda/11.8/include -I/ailab/user/wangxuhong/.conda/envs/occformer/include/python3.7m -c -c /ailab/user/wangxuhong/yuqiucheng/OccFormer-main/mmdetection3d/mmdet3d/ops/roiaware_pool3d/src/roiaware_pool3d.cpp -o /ailab/user/wangxuhong/yuqiucheng/OccFormer-main/mmdetection3d/build/temp.linux-x86_64-cpython-37/mmdet3d/ops/roiaware_pool3d/src/roiaware_pool3d.o -DTORCH_API_INCLUDE_EXTENSION_H '-DPYBIND11_COMPILER_TYPE="_gcc"' '-DPYBIND11_STDLIB="_libstdcpp"' '-DPYBIND11_BUILD_ABI="_cxxabi1011"' -DTORCH_EXTENSION_NAME=roiaware_pool3d_ext -D_GLIBCXX_USE_CXX11_ABI=0 -std=c++14
    cc1plus: warning: command line option ‘-Wstrict-prototypes’ is valid for C/ObjC but not for C++
    g++ -pthread -B /ailab/user/wangxuhong/.conda/envs/occformer/compiler_compat -Wl,--sysroot=/ -pthread -shared -B /ailab/user/wangxuhong/.conda/envs/occformer/compiler_compat -L/ailab/user/wangxuhong/.conda/envs/occformer/lib -Wl,-rpath=/ailab/user/wangxuhong/.conda/envs/occformer/lib -Wl,--no-as-needed -Wl,--sysroot=/ /ailab/user/wangxuhong/yuqiucheng/OccFormer-main/mmdetection3d/build/temp.linux-x86_64-cpython-37/mmdet3d/ops/roiaware_pool3d/src/points_in_boxes_cpu.o /ailab/user/wangxuhong/yuqiucheng/OccFormer-main/mmdetection3d/build/temp.linux-x86_64-cpython-37/mmdet3d/ops/roiaware_pool3d/src/points_in_boxes_cuda.o /ailab/user/wangxuhong/yuqiucheng/OccFormer-main/mmdetection3d/build/temp.linux-x86_64-cpython-37/mmdet3d/ops/roiaware_pool3d/src/roiaware_pool3d.o /ailab/user/wangxuhong/yuqiucheng/OccFormer-main/mmdetection3d/build/temp.linux-x86_64-cpython-37/mmdet3d/ops/roiaware_pool3d/src/roiaware_pool3d_kernel.o -L/ailab/user/wangxuhong/.conda/envs/occformer/lib/python3.7/site-packages/torch/lib -L/ailab/apps/cuda/11.8/lib64 -lc10 -ltorch -ltorch_cpu -ltorch_python -lcudart -lc10_cuda -ltorch_cuda_cu -ltorch_cuda_cpp -o build/lib.linux-x86_64-cpython-37/mmdet3d/ops/roiaware_pool3d/roiaware_pool3d_ext.cpython-37m-x86_64-linux-gnu.so
    building 'mmdet3d.ops.ball_query.ball_query_ext' extension
    creating /ailab/user/wangxuhong/yuqiucheng/OccFormer-main/mmdetection3d/build/temp.linux-x86_64-cpython-37/mmdet3d/ops/ball_query
    creating /ailab/user/wangxuhong/yuqiucheng/OccFormer-main/mmdetection3d/build/temp.linux-x86_64-cpython-37/mmdet3d/ops/ball_query/src
    Emitting ninja build file /ailab/user/wangxuhong/yuqiucheng/OccFormer-main/mmdetection3d/build/temp.linux-x86_64-cpython-37/build.ninja...
    Compiling objects...
    Allowing ninja to set a default number of workers... (overridable by setting the environment variable MAX_JOBS=N)
    [1/2] /ailab/apps/cuda/11.8/bin/nvcc  -DWITH_CUDA -I/ailab/user/wangxuhong/.conda/envs/occformer/lib/python3.7/site-packages/torch/include -I/ailab/user/wangxuhong/.conda/envs/occformer/lib/python3.7/site-packages/torch/include/torch/csrc/api/include -I/ailab/user/wangxuhong/.conda/envs/occformer/lib/python3.7/site-packages/torch/include/TH -I/ailab/user/wangxuhong/.conda/envs/occformer/lib/python3.7/site-packages/torch/include/THC -I/ailab/apps/cuda/11.8/include -I/ailab/user/wangxuhong/.conda/envs/occformer/lib/python3.7/site-packages/torch/include -I/ailab/user/wangxuhong/.conda/envs/occformer/lib/python3.7/site-packages/torch/include/torch/csrc/api/include -I/ailab/user/wangxuhong/.conda/envs/occformer/lib/python3.7/site-packages/torch/include/TH -I/ailab/user/wangxuhong/.conda/envs/occformer/lib/python3.7/site-packages/torch/include/THC -I/ailab/apps/cuda/11.8/include -I/ailab/user/wangxuhong/.conda/envs/occformer/lib/python3.7/site-packages/torch/include -I/ailab/user/wangxuhong/.conda/envs/occformer/lib/python3.7/site-packages/torch/include/torch/csrc/api/include -I/ailab/user/wangxuhong/.conda/envs/occformer/lib/python3.7/site-packages/torch/include/TH -I/ailab/user/wangxuhong/.conda/envs/occformer/lib/python3.7/site-packages/torch/include/THC -I/ailab/apps/cuda/11.8/include -I/ailab/user/wangxuhong/.conda/envs/occformer/lib/python3.7/site-packages/torch/include -I/ailab/user/wangxuhong/.conda/envs/occformer/lib/python3.7/site-packages/torch/include/torch/csrc/api/include -I/ailab/user/wangxuhong/.conda/envs/occformer/lib/python3.7/site-packages/torch/include/TH -I/ailab/user/wangxuhong/.conda/envs/occformer/lib/python3.7/site-packages/torch/include/THC -I/ailab/apps/cuda/11.8/include -I/ailab/user/wangxuhong/.conda/envs/occformer/lib/python3.7/site-packages/torch/include -I/ailab/user/wangxuhong/.conda/envs/occformer/lib/python3.7/site-packages/torch/include/torch/csrc/api/include -I/ailab/user/wangxuhong/.conda/envs/occformer/lib/python3.7/site-packages/torch/include/TH -I/ailab/user/wangxuhong/.conda/envs/occformer/lib/python3.7/site-packages/torch/include/THC -I/ailab/apps/cuda/11.8/include -I/ailab/user/wangxuhong/.conda/envs/occformer/lib/python3.7/site-packages/torch/include -I/ailab/user/wangxuhong/.conda/envs/occformer/lib/python3.7/site-packages/torch/include/torch/csrc/api/include -I/ailab/user/wangxuhong/.conda/envs/occformer/lib/python3.7/site-packages/torch/include/TH -I/ailab/user/wangxuhong/.conda/envs/occformer/lib/python3.7/site-packages/torch/include/THC -I/ailab/apps/cuda/11.8/include -I/ailab/user/wangxuhong/.conda/envs/occformer/lib/python3.7/site-packages/torch/include -I/ailab/user/wangxuhong/.conda/envs/occformer/lib/python3.7/site-packages/torch/include/torch/csrc/api/include -I/ailab/user/wangxuhong/.conda/envs/occformer/lib/python3.7/site-packages/torch/include/TH -I/ailab/user/wangxuhong/.conda/envs/occformer/lib/python3.7/site-packages/torch/include/THC -I/ailab/apps/cuda/11.8/include -I/ailab/user/wangxuhong/.conda/envs/occformer/lib/python3.7/site-packages/torch/include -I/ailab/user/wangxuhong/.conda/envs/occformer/lib/python3.7/site-packages/torch/include/torch/csrc/api/include -I/ailab/user/wangxuhong/.conda/envs/occformer/lib/python3.7/site-packages/torch/include/TH -I/ailab/user/wangxuhong/.conda/envs/occformer/lib/python3.7/site-packages/torch/include/THC -I/ailab/apps/cuda/11.8/include -I/ailab/user/wangxuhong/.conda/envs/occformer/lib/python3.7/site-packages/torch/include -I/ailab/user/wangxuhong/.conda/envs/occformer/lib/python3.7/site-packages/torch/include/torch/csrc/api/include -I/ailab/user/wangxuhong/.conda/envs/occformer/lib/python3.7/site-packages/torch/include/TH -I/ailab/user/wangxuhong/.conda/envs/occformer/lib/python3.7/site-packages/torch/include/THC -I/ailab/apps/cuda/11.8/include -I/ailab/user/wangxuhong/.conda/envs/occformer/lib/python3.7/site-packages/torch/include -I/ailab/user/wangxuhong/.conda/envs/occformer/lib/python3.7/site-packages/torch/include/torch/csrc/api/include -I/ailab/user/wangxuhong/.conda/envs/occformer/lib/python3.7/site-packages/torch/include/TH -I/ailab/user/wangxuhong/.conda/envs/occformer/lib/python3.7/site-packages/torch/include/THC -I/ailab/apps/cuda/11.8/include -I/ailab/user/wangxuhong/.conda/envs/occformer/lib/python3.7/site-packages/torch/include -I/ailab/user/wangxuhong/.conda/envs/occformer/lib/python3.7/site-packages/torch/include/torch/csrc/api/include -I/ailab/user/wangxuhong/.conda/envs/occformer/lib/python3.7/site-packages/torch/include/TH -I/ailab/user/wangxuhong/.conda/envs/occformer/lib/python3.7/site-packages/torch/include/THC -I/ailab/apps/cuda/11.8/include -I/ailab/user/wangxuhong/.conda/envs/occformer/lib/python3.7/site-packages/torch/include -I/ailab/user/wangxuhong/.conda/envs/occformer/lib/python3.7/site-packages/torch/include/torch/csrc/api/include -I/ailab/user/wangxuhong/.conda/envs/occformer/lib/python3.7/site-packages/torch/include/TH -I/ailab/user/wangxuhong/.conda/envs/occformer/lib/python3.7/site-packages/torch/include/THC -I/ailab/apps/cuda/11.8/include -I/ailab/user/wangxuhong/.conda/envs/occformer/lib/python3.7/site-packages/torch/include -I/ailab/user/wangxuhong/.conda/envs/occformer/lib/python3.7/site-packages/torch/include/torch/csrc/api/include -I/ailab/user/wangxuhong/.conda/envs/occformer/lib/python3.7/site-packages/torch/include/TH -I/ailab/user/wangxuhong/.conda/envs/occformer/lib/python3.7/site-packages/torch/include/THC -I/ailab/apps/cuda/11.8/include -I/ailab/user/wangxuhong/.conda/envs/occformer/include/python3.7m -c -c /ailab/user/wangxuhong/yuqiucheng/OccFormer-main/mmdetection3d/mmdet3d/ops/ball_query/src/ball_query_cuda.cu -o /ailab/user/wangxuhong/yuqiucheng/OccFormer-main/mmdetection3d/build/temp.linux-x86_64-cpython-37/mmdet3d/ops/ball_query/src/ball_query_cuda.o -D__CUDA_NO_HALF_OPERATORS__ -D__CUDA_NO_HALF_CONVERSIONS__ -D__CUDA_NO_BFLOAT16_CONVERSIONS__ -D__CUDA_NO_HALF2_OPERATORS__ --expt-relaxed-constexpr --compiler-options ''"'"'-fPIC'"'"'' -D__CUDA_NO_HALF_OPERATORS__ -D__CUDA_NO_HALF_CONVERSIONS__ -D__CUDA_NO_HALF2_OPERATORS__ -DTORCH_API_INCLUDE_EXTENSION_H '-DPYBIND11_COMPILER_TYPE="_gcc"' '-DPYBIND11_STDLIB="_libstdcpp"' '-DPYBIND11_BUILD_ABI="_cxxabi1011"' -DTORCH_EXTENSION_NAME=ball_query_ext -D_GLIBCXX_USE_CXX11_ABI=0 -gencode=arch=compute_86,code=compute_86 -gencode=arch=compute_86,code=sm_86 -std=c++14
    [2/2] c++ -MMD -MF /ailab/user/wangxuhong/yuqiucheng/OccFormer-main/mmdetection3d/build/temp.linux-x86_64-cpython-37/mmdet3d/ops/ball_query/src/ball_query.o.d -pthread -B /ailab/user/wangxuhong/.conda/envs/occformer/compiler_compat -Wl,--sysroot=/ -Wsign-compare -DNDEBUG -g -fwrapv -O3 -Wall -Wstrict-prototypes -fPIC -DWITH_CUDA -I/ailab/user/wangxuhong/.conda/envs/occformer/lib/python3.7/site-packages/torch/include -I/ailab/user/wangxuhong/.conda/envs/occformer/lib/python3.7/site-packages/torch/include/torch/csrc/api/include -I/ailab/user/wangxuhong/.conda/envs/occformer/lib/python3.7/site-packages/torch/include/TH -I/ailab/user/wangxuhong/.conda/envs/occformer/lib/python3.7/site-packages/torch/include/THC -I/ailab/apps/cuda/11.8/include -I/ailab/user/wangxuhong/.conda/envs/occformer/lib/python3.7/site-packages/torch/include -I/ailab/user/wangxuhong/.conda/envs/occformer/lib/python3.7/site-packages/torch/include/torch/csrc/api/include -I/ailab/user/wangxuhong/.conda/envs/occformer/lib/python3.7/site-packages/torch/include/TH -I/ailab/user/wangxuhong/.conda/envs/occformer/lib/python3.7/site-packages/torch/include/THC -I/ailab/apps/cuda/11.8/include -I/ailab/user/wangxuhong/.conda/envs/occformer/lib/python3.7/site-packages/torch/include -I/ailab/user/wangxuhong/.conda/envs/occformer/lib/python3.7/site-packages/torch/include/torch/csrc/api/include -I/ailab/user/wangxuhong/.conda/envs/occformer/lib/python3.7/site-packages/torch/include/TH -I/ailab/user/wangxuhong/.conda/envs/occformer/lib/python3.7/site-packages/torch/include/THC -I/ailab/apps/cuda/11.8/include -I/ailab/user/wangxuhong/.conda/envs/occformer/lib/python3.7/site-packages/torch/include -I/ailab/user/wangxuhong/.conda/envs/occformer/lib/python3.7/site-packages/torch/include/torch/csrc/api/include -I/ailab/user/wangxuhong/.conda/envs/occformer/lib/python3.7/site-packages/torch/include/TH -I/ailab/user/wangxuhong/.conda/envs/occformer/lib/python3.7/site-packages/torch/include/THC -I/ailab/apps/cuda/11.8/include -I/ailab/user/wangxuhong/.conda/envs/occformer/lib/python3.7/site-packages/torch/include -I/ailab/user/wangxuhong/.conda/envs/occformer/lib/python3.7/site-packages/torch/include/torch/csrc/api/include -I/ailab/user/wangxuhong/.conda/envs/occformer/lib/python3.7/site-packages/torch/include/TH -I/ailab/user/wangxuhong/.conda/envs/occformer/lib/python3.7/site-packages/torch/include/THC -I/ailab/apps/cuda/11.8/include -I/ailab/user/wangxuhong/.conda/envs/occformer/lib/python3.7/site-packages/torch/include -I/ailab/user/wangxuhong/.conda/envs/occformer/lib/python3.7/site-packages/torch/include/torch/csrc/api/include -I/ailab/user/wangxuhong/.conda/envs/occformer/lib/python3.7/site-packages/torch/include/TH -I/ailab/user/wangxuhong/.conda/envs/occformer/lib/python3.7/site-packages/torch/include/THC -I/ailab/apps/cuda/11.8/include -I/ailab/user/wangxuhong/.conda/envs/occformer/lib/python3.7/site-packages/torch/include -I/ailab/user/wangxuhong/.conda/envs/occformer/lib/python3.7/site-packages/torch/include/torch/csrc/api/include -I/ailab/user/wangxuhong/.conda/envs/occformer/lib/python3.7/site-packages/torch/include/TH -I/ailab/user/wangxuhong/.conda/envs/occformer/lib/python3.7/site-packages/torch/include/THC -I/ailab/apps/cuda/11.8/include -I/ailab/user/wangxuhong/.conda/envs/occformer/lib/python3.7/site-packages/torch/include -I/ailab/user/wangxuhong/.conda/envs/occformer/lib/python3.7/site-packages/torch/include/torch/csrc/api/include -I/ailab/user/wangxuhong/.conda/envs/occformer/lib/python3.7/site-packages/torch/include/TH -I/ailab/user/wangxuhong/.conda/envs/occformer/lib/python3.7/site-packages/torch/include/THC -I/ailab/apps/cuda/11.8/include -I/ailab/user/wangxuhong/.conda/envs/occformer/lib/python3.7/site-packages/torch/include -I/ailab/user/wangxuhong/.conda/envs/occformer/lib/python3.7/site-packages/torch/include/torch/csrc/api/include -I/ailab/user/wangxuhong/.conda/envs/occformer/lib/python3.7/site-packages/torch/include/TH -I/ailab/user/wangxuhong/.conda/envs/occformer/lib/python3.7/site-packages/torch/include/THC -I/ailab/apps/cuda/11.8/include -I/ailab/user/wangxuhong/.conda/envs/occformer/lib/python3.7/site-packages/torch/include -I/ailab/user/wangxuhong/.conda/envs/occformer/lib/python3.7/site-packages/torch/include/torch/csrc/api/include -I/ailab/user/wangxuhong/.conda/envs/occformer/lib/python3.7/site-packages/torch/include/TH -I/ailab/user/wangxuhong/.conda/envs/occformer/lib/python3.7/site-packages/torch/include/THC -I/ailab/apps/cuda/11.8/include -I/ailab/user/wangxuhong/.conda/envs/occformer/lib/python3.7/site-packages/torch/include -I/ailab/user/wangxuhong/.conda/envs/occformer/lib/python3.7/site-packages/torch/include/torch/csrc/api/include -I/ailab/user/wangxuhong/.conda/envs/occformer/lib/python3.7/site-packages/torch/include/TH -I/ailab/user/wangxuhong/.conda/envs/occformer/lib/python3.7/site-packages/torch/include/THC -I/ailab/apps/cuda/11.8/include -I/ailab/user/wangxuhong/.conda/envs/occformer/lib/python3.7/site-packages/torch/include -I/ailab/user/wangxuhong/.conda/envs/occformer/lib/python3.7/site-packages/torch/include/torch/csrc/api/include -I/ailab/user/wangxuhong/.conda/envs/occformer/lib/python3.7/site-packages/torch/include/TH -I/ailab/user/wangxuhong/.conda/envs/occformer/lib/python3.7/site-packages/torch/include/THC -I/ailab/apps/cuda/11.8/include -I/ailab/user/wangxuhong/.conda/envs/occformer/lib/python3.7/site-packages/torch/include -I/ailab/user/wangxuhong/.conda/envs/occformer/lib/python3.7/site-packages/torch/include/torch/csrc/api/include -I/ailab/user/wangxuhong/.conda/envs/occformer/lib/python3.7/site-packages/torch/include/TH -I/ailab/user/wangxuhong/.conda/envs/occformer/lib/python3.7/site-packages/torch/include/THC -I/ailab/apps/cuda/11.8/include -I/ailab/user/wangxuhong/.conda/envs/occformer/include/python3.7m -c -c /ailab/user/wangxuhong/yuqiucheng/OccFormer-main/mmdetection3d/mmdet3d/ops/ball_query/src/ball_query.cpp -o /ailab/user/wangxuhong/yuqiucheng/OccFormer-main/mmdetection3d/build/temp.linux-x86_64-cpython-37/mmdet3d/ops/ball_query/src/ball_query.o -DTORCH_API_INCLUDE_EXTENSION_H '-DPYBIND11_COMPILER_TYPE="_gcc"' '-DPYBIND11_STDLIB="_libstdcpp"' '-DPYBIND11_BUILD_ABI="_cxxabi1011"' -DTORCH_EXTENSION_NAME=ball_query_ext -D_GLIBCXX_USE_CXX11_ABI=0 -std=c++14
    cc1plus: warning: command line option ‘-Wstrict-prototypes’ is valid for C/ObjC but not for C++
    In file included from /ailab/user/wangxuhong/.conda/envs/occformer/lib/python3.7/site-packages/torch/include/c10/core/DeviceType.h:8,
                     from /ailab/user/wangxuhong/.conda/envs/occformer/lib/python3.7/site-packages/torch/include/c10/core/Device.h:3,
                     from /ailab/user/wangxuhong/.conda/envs/occformer/lib/python3.7/site-packages/torch/include/c10/core/Allocator.h:6,
                     from /ailab/user/wangxuhong/.conda/envs/occformer/lib/python3.7/site-packages/torch/include/ATen/ATen.h:7,
                     from /ailab/user/wangxuhong/.conda/envs/occformer/lib/python3.7/site-packages/torch/include/torch/csrc/api/include/torch/types.h:3,
                     from /ailab/user/wangxuhong/.conda/envs/occformer/lib/python3.7/site-packages/torch/include/torch/csrc/api/include/torch/data/dataloader_options.h:4,
                     from /ailab/user/wangxuhong/.conda/envs/occformer/lib/python3.7/site-packages/torch/include/torch/csrc/api/include/torch/data/dataloader/base.h:3,
                     from /ailab/user/wangxuhong/.conda/envs/occformer/lib/python3.7/site-packages/torch/include/torch/csrc/api/include/torch/data/dataloader/stateful.h:3,
                     from /ailab/user/wangxuhong/.conda/envs/occformer/lib/python3.7/site-packages/torch/include/torch/csrc/api/include/torch/data/dataloader.h:3,
                     from /ailab/user/wangxuhong/.conda/envs/occformer/lib/python3.7/site-packages/torch/include/torch/csrc/api/include/torch/data.h:3,
                     from /ailab/user/wangxuhong/.conda/envs/occformer/lib/python3.7/site-packages/torch/include/torch/csrc/api/include/torch/all.h:8,
                     from /ailab/user/wangxuhong/.conda/envs/occformer/lib/python3.7/site-packages/torch/include/torch/extension.h:4,
                     from /ailab/user/wangxuhong/yuqiucheng/OccFormer-main/mmdetection3d/mmdet3d/ops/ball_query/src/ball_query.cpp:6:
    /ailab/user/wangxuhong/yuqiucheng/OccFormer-main/mmdetection3d/mmdet3d/ops/ball_query/src/ball_query.cpp: In function ‘int ball_query_wrapper(int, int, int, float, float, int, at::Tensor, at::Tensor, at::Tensor)’:
    /ailab/user/wangxuhong/yuqiucheng/OccFormer-main/mmdetection3d/mmdet3d/ops/ball_query/src/ball_query.cpp:17:22: warning: ‘at::DeprecatedTypeProperties& at::Tensor::type() const’ is deprecated: Tensor.type() is deprecated. Instead use Tensor.options(), which in many cases (e.g. in a constructor) is a drop-in replacement. If you were using data from type(), that is now available from Tensor itself, so instead of tensor.type().scalar_type(), use tensor.scalar_type() instead and instead of tensor.type().backend() use tensor.device(). [-Wdeprecated-declarations]
       17 |   TORCH_CHECK(x.type().is_cuda(), #x, " must be a CUDAtensor ")
          |                      ^
    /ailab/user/wangxuhong/.conda/envs/occformer/lib/python3.7/site-packages/torch/include/c10/macros/Macros.h:197:64: note: in definition of macro ‘C10_UNLIKELY’
      197 | #define C10_UNLIKELY(expr) (__builtin_expect(static_cast<bool>(expr), 0))
          |                                                                ^~~~
    /ailab/user/wangxuhong/.conda/envs/occformer/lib/python3.7/site-packages/torch/include/c10/util/Exception.h:441:7: note: in expansion of macro ‘C10_UNLIKELY_OR_CONST’
      441 |   if (C10_UNLIKELY_OR_CONST(!(cond))) {            \
          |       ^~~~~~~~~~~~~~~~~~~~~
    /ailab/user/wangxuhong/yuqiucheng/OccFormer-main/mmdetection3d/mmdet3d/ops/ball_query/src/ball_query.cpp:17:3: note: in expansion of macro ‘TORCH_CHECK’
       17 |   TORCH_CHECK(x.type().is_cuda(), #x, " must be a CUDAtensor ")
          |   ^~~~~~~~~~~
    /ailab/user/wangxuhong/yuqiucheng/OccFormer-main/mmdetection3d/mmdet3d/ops/ball_query/src/ball_query.cpp:21:3: note: in expansion of macro ‘CHECK_CUDA’
       21 |   CHECK_CUDA(x);       \
          |   ^~~~~~~~~~
    /ailab/user/wangxuhong/yuqiucheng/OccFormer-main/mmdetection3d/mmdet3d/ops/ball_query/src/ball_query.cpp:35:3: note: in expansion of macro ‘CHECK_INPUT’
       35 |   CHECK_INPUT(new_xyz_tensor);
          |   ^~~~~~~~~~~
    In file included from /ailab/user/wangxuhong/.conda/envs/occformer/lib/python3.7/site-packages/torch/include/ATen/Tensor.h:3,
                     from /ailab/user/wangxuhong/.conda/envs/occformer/lib/python3.7/site-packages/torch/include/ATen/Context.h:4,
                     from /ailab/user/wangxuhong/.conda/envs/occformer/lib/python3.7/site-packages/torch/include/ATen/ATen.h:9,
                     from /ailab/user/wangxuhong/.conda/envs/occformer/lib/python3.7/site-packages/torch/include/torch/csrc/api/include/torch/types.h:3,
                     from /ailab/user/wangxuhong/.conda/envs/occformer/lib/python3.7/site-packages/torch/include/torch/csrc/api/include/torch/data/dataloader_options.h:4,
                     from /ailab/user/wangxuhong/.conda/envs/occformer/lib/python3.7/site-packages/torch/include/torch/csrc/api/include/torch/data/dataloader/base.h:3,
                     from /ailab/user/wangxuhong/.conda/envs/occformer/lib/python3.7/site-packages/torch/include/torch/csrc/api/include/torch/data/dataloader/stateful.h:3,
                     from /ailab/user/wangxuhong/.conda/envs/occformer/lib/python3.7/site-packages/torch/include/torch/csrc/api/include/torch/data/dataloader.h:3,
                     from /ailab/user/wangxuhong/.conda/envs/occformer/lib/python3.7/site-packages/torch/include/torch/csrc/api/include/torch/data.h:3,
                     from /ailab/user/wangxuhong/.conda/envs/occformer/lib/python3.7/site-packages/torch/include/torch/csrc/api/include/torch/all.h:8,
                     from /ailab/user/wangxuhong/.conda/envs/occformer/lib/python3.7/site-packages/torch/include/torch/extension.h:4,
                     from /ailab/user/wangxuhong/yuqiucheng/OccFormer-main/mmdetection3d/mmdet3d/ops/ball_query/src/ball_query.cpp:6:
    /ailab/user/wangxuhong/.conda/envs/occformer/lib/python3.7/site-packages/torch/include/ATen/core/TensorBody.h:194:30: note: declared here
      194 |   DeprecatedTypeProperties & type() const {
          |                              ^~~~
    In file included from /ailab/user/wangxuhong/.conda/envs/occformer/lib/python3.7/site-packages/torch/include/c10/core/DeviceType.h:8,
                     from /ailab/user/wangxuhong/.conda/envs/occformer/lib/python3.7/site-packages/torch/include/c10/core/Device.h:3,
                     from /ailab/user/wangxuhong/.conda/envs/occformer/lib/python3.7/site-packages/torch/include/c10/core/Allocator.h:6,
                     from /ailab/user/wangxuhong/.conda/envs/occformer/lib/python3.7/site-packages/torch/include/ATen/ATen.h:7,
                     from /ailab/user/wangxuhong/.conda/envs/occformer/lib/python3.7/site-packages/torch/include/torch/csrc/api/include/torch/types.h:3,
                     from /ailab/user/wangxuhong/.conda/envs/occformer/lib/python3.7/site-packages/torch/include/torch/csrc/api/include/torch/data/dataloader_options.h:4,
                     from /ailab/user/wangxuhong/.conda/envs/occformer/lib/python3.7/site-packages/torch/include/torch/csrc/api/include/torch/data/dataloader/base.h:3,
                     from /ailab/user/wangxuhong/.conda/envs/occformer/lib/python3.7/site-packages/torch/include/torch/csrc/api/include/torch/data/dataloader/stateful.h:3,
                     from /ailab/user/wangxuhong/.conda/envs/occformer/lib/python3.7/site-packages/torch/include/torch/csrc/api/include/torch/data/dataloader.h:3,
                     from /ailab/user/wangxuhong/.conda/envs/occformer/lib/python3.7/site-packages/torch/include/torch/csrc/api/include/torch/data.h:3,
                     from /ailab/user/wangxuhong/.conda/envs/occformer/lib/python3.7/site-packages/torch/include/torch/csrc/api/include/torch/all.h:8,
                     from /ailab/user/wangxuhong/.conda/envs/occformer/lib/python3.7/site-packages/torch/include/torch/extension.h:4,
                     from /ailab/user/wangxuhong/yuqiucheng/OccFormer-main/mmdetection3d/mmdet3d/ops/ball_query/src/ball_query.cpp:6:
    /ailab/user/wangxuhong/yuqiucheng/OccFormer-main/mmdetection3d/mmdet3d/ops/ball_query/src/ball_query.cpp:17:22: warning: ‘at::DeprecatedTypeProperties& at::Tensor::type() const’ is deprecated: Tensor.type() is deprecated. Instead use Tensor.options(), which in many cases (e.g. in a constructor) is a drop-in replacement. If you were using data from type(), that is now available from Tensor itself, so instead of tensor.type().scalar_type(), use tensor.scalar_type() instead and instead of tensor.type().backend() use tensor.device(). [-Wdeprecated-declarations]
       17 |   TORCH_CHECK(x.type().is_cuda(), #x, " must be a CUDAtensor ")
          |                      ^
    /ailab/user/wangxuhong/.conda/envs/occformer/lib/python3.7/site-packages/torch/include/c10/macros/Macros.h:197:64: note: in definition of macro ‘C10_UNLIKELY’
      197 | #define C10_UNLIKELY(expr) (__builtin_expect(static_cast<bool>(expr), 0))
          |                                                                ^~~~
    /ailab/user/wangxuhong/.conda/envs/occformer/lib/python3.7/site-packages/torch/include/c10/util/Exception.h:441:7: note: in expansion of macro ‘C10_UNLIKELY_OR_CONST’
      441 |   if (C10_UNLIKELY_OR_CONST(!(cond))) {            \
          |       ^~~~~~~~~~~~~~~~~~~~~
    /ailab/user/wangxuhong/yuqiucheng/OccFormer-main/mmdetection3d/mmdet3d/ops/ball_query/src/ball_query.cpp:17:3: note: in expansion of macro ‘TORCH_CHECK’
       17 |   TORCH_CHECK(x.type().is_cuda(), #x, " must be a CUDAtensor ")
          |   ^~~~~~~~~~~
    /ailab/user/wangxuhong/yuqiucheng/OccFormer-main/mmdetection3d/mmdet3d/ops/ball_query/src/ball_query.cpp:21:3: note: in expansion of macro ‘CHECK_CUDA’
       21 |   CHECK_CUDA(x);       \
          |   ^~~~~~~~~~
    /ailab/user/wangxuhong/yuqiucheng/OccFormer-main/mmdetection3d/mmdet3d/ops/ball_query/src/ball_query.cpp:36:3: note: in expansion of macro ‘CHECK_INPUT’
       36 |   CHECK_INPUT(xyz_tensor);
          |   ^~~~~~~~~~~
    In file included from /ailab/user/wangxuhong/.conda/envs/occformer/lib/python3.7/site-packages/torch/include/ATen/Tensor.h:3,
                     from /ailab/user/wangxuhong/.conda/envs/occformer/lib/python3.7/site-packages/torch/include/ATen/Context.h:4,
                     from /ailab/user/wangxuhong/.conda/envs/occformer/lib/python3.7/site-packages/torch/include/ATen/ATen.h:9,
                     from /ailab/user/wangxuhong/.conda/envs/occformer/lib/python3.7/site-packages/torch/include/torch/csrc/api/include/torch/types.h:3,
                     from /ailab/user/wangxuhong/.conda/envs/occformer/lib/python3.7/site-packages/torch/include/torch/csrc/api/include/torch/data/dataloader_options.h:4,
                     from /ailab/user/wangxuhong/.conda/envs/occformer/lib/python3.7/site-packages/torch/include/torch/csrc/api/include/torch/data/dataloader/base.h:3,
                     from /ailab/user/wangxuhong/.conda/envs/occformer/lib/python3.7/site-packages/torch/include/torch/csrc/api/include/torch/data/dataloader/stateful.h:3,
                     from /ailab/user/wangxuhong/.conda/envs/occformer/lib/python3.7/site-packages/torch/include/torch/csrc/api/include/torch/data/dataloader.h:3,
                     from /ailab/user/wangxuhong/.conda/envs/occformer/lib/python3.7/site-packages/torch/include/torch/csrc/api/include/torch/data.h:3,
                     from /ailab/user/wangxuhong/.conda/envs/occformer/lib/python3.7/site-packages/torch/include/torch/csrc/api/include/torch/all.h:8,
                     from /ailab/user/wangxuhong/.conda/envs/occformer/lib/python3.7/site-packages/torch/include/torch/extension.h:4,
                     from /ailab/user/wangxuhong/yuqiucheng/OccFormer-main/mmdetection3d/mmdet3d/ops/ball_query/src/ball_query.cpp:6:
    /ailab/user/wangxuhong/.conda/envs/occformer/lib/python3.7/site-packages/torch/include/ATen/core/TensorBody.h:194:30: note: declared here
      194 |   DeprecatedTypeProperties & type() const {
          |                              ^~~~
    g++ -pthread -B /ailab/user/wangxuhong/.conda/envs/occformer/compiler_compat -Wl,--sysroot=/ -pthread -shared -B /ailab/user/wangxuhong/.conda/envs/occformer/compiler_compat -L/ailab/user/wangxuhong/.conda/envs/occformer/lib -Wl,-rpath=/ailab/user/wangxuhong/.conda/envs/occformer/lib -Wl,--no-as-needed -Wl,--sysroot=/ /ailab/user/wangxuhong/yuqiucheng/OccFormer-main/mmdetection3d/build/temp.linux-x86_64-cpython-37/mmdet3d/ops/ball_query/src/ball_query.o /ailab/user/wangxuhong/yuqiucheng/OccFormer-main/mmdetection3d/build/temp.linux-x86_64-cpython-37/mmdet3d/ops/ball_query/src/ball_query_cuda.o -L/ailab/user/wangxuhong/.conda/envs/occformer/lib/python3.7/site-packages/torch/lib -L/ailab/apps/cuda/11.8/lib64 -lc10 -ltorch -ltorch_cpu -ltorch_python -lcudart -lc10_cuda -ltorch_cuda_cu -ltorch_cuda_cpp -o build/lib.linux-x86_64-cpython-37/mmdet3d/ops/ball_query/ball_query_ext.cpython-37m-x86_64-linux-gnu.so
    building 'mmdet3d.ops.knn.knn_ext' extension
    creating /ailab/user/wangxuhong/yuqiucheng/OccFormer-main/mmdetection3d/build/temp.linux-x86_64-cpython-37/mmdet3d/ops/knn
    creating /ailab/user/wangxuhong/yuqiucheng/OccFormer-main/mmdetection3d/build/temp.linux-x86_64-cpython-37/mmdet3d/ops/knn/src
    Emitting ninja build file /ailab/user/wangxuhong/yuqiucheng/OccFormer-main/mmdetection3d/build/temp.linux-x86_64-cpython-37/build.ninja...
    Compiling objects...
    Allowing ninja to set a default number of workers... (overridable by setting the environment variable MAX_JOBS=N)
    [1/2] /ailab/apps/cuda/11.8/bin/nvcc  -DWITH_CUDA -I/ailab/user/wangxuhong/.conda/envs/occformer/lib/python3.7/site-packages/torch/include -I/ailab/user/wangxuhong/.conda/envs/occformer/lib/python3.7/site-packages/torch/include/torch/csrc/api/include -I/ailab/user/wangxuhong/.conda/envs/occformer/lib/python3.7/site-packages/torch/include/TH -I/ailab/user/wangxuhong/.conda/envs/occformer/lib/python3.7/site-packages/torch/include/THC -I/ailab/apps/cuda/11.8/include -I/ailab/user/wangxuhong/.conda/envs/occformer/lib/python3.7/site-packages/torch/include -I/ailab/user/wangxuhong/.conda/envs/occformer/lib/python3.7/site-packages/torch/include/torch/csrc/api/include -I/ailab/user/wangxuhong/.conda/envs/occformer/lib/python3.7/site-packages/torch/include/TH -I/ailab/user/wangxuhong/.conda/envs/occformer/lib/python3.7/site-packages/torch/include/THC -I/ailab/apps/cuda/11.8/include -I/ailab/user/wangxuhong/.conda/envs/occformer/lib/python3.7/site-packages/torch/include -I/ailab/user/wangxuhong/.conda/envs/occformer/lib/python3.7/site-packages/torch/include/torch/csrc/api/include -I/ailab/user/wangxuhong/.conda/envs/occformer/lib/python3.7/site-packages/torch/include/TH -I/ailab/user/wangxuhong/.conda/envs/occformer/lib/python3.7/site-packages/torch/include/THC -I/ailab/apps/cuda/11.8/include -I/ailab/user/wangxuhong/.conda/envs/occformer/lib/python3.7/site-packages/torch/include -I/ailab/user/wangxuhong/.conda/envs/occformer/lib/python3.7/site-packages/torch/include/torch/csrc/api/include -I/ailab/user/wangxuhong/.conda/envs/occformer/lib/python3.7/site-packages/torch/include/TH -I/ailab/user/wangxuhong/.conda/envs/occformer/lib/python3.7/site-packages/torch/include/THC -I/ailab/apps/cuda/11.8/include -I/ailab/user/wangxuhong/.conda/envs/occformer/lib/python3.7/site-packages/torch/include -I/ailab/user/wangxuhong/.conda/envs/occformer/lib/python3.7/site-packages/torch/include/torch/csrc/api/include -I/ailab/user/wangxuhong/.conda/envs/occformer/lib/python3.7/site-packages/torch/include/TH -I/ailab/user/wangxuhong/.conda/envs/occformer/lib/python3.7/site-packages/torch/include/THC -I/ailab/apps/cuda/11.8/include -I/ailab/user/wangxuhong/.conda/envs/occformer/lib/python3.7/site-packages/torch/include -I/ailab/user/wangxuhong/.conda/envs/occformer/lib/python3.7/site-packages/torch/include/torch/csrc/api/include -I/ailab/user/wangxuhong/.conda/envs/occformer/lib/python3.7/site-packages/torch/include/TH -I/ailab/user/wangxuhong/.conda/envs/occformer/lib/python3.7/site-packages/torch/include/THC -I/ailab/apps/cuda/11.8/include -I/ailab/user/wangxuhong/.conda/envs/occformer/lib/python3.7/site-packages/torch/include -I/ailab/user/wangxuhong/.conda/envs/occformer/lib/python3.7/site-packages/torch/include/torch/csrc/api/include -I/ailab/user/wangxuhong/.conda/envs/occformer/lib/python3.7/site-packages/torch/include/TH -I/ailab/user/wangxuhong/.conda/envs/occformer/lib/python3.7/site-packages/torch/include/THC -I/ailab/apps/cuda/11.8/include -I/ailab/user/wangxuhong/.conda/envs/occformer/lib/python3.7/site-packages/torch/include -I/ailab/user/wangxuhong/.conda/envs/occformer/lib/python3.7/site-packages/torch/include/torch/csrc/api/include -I/ailab/user/wangxuhong/.conda/envs/occformer/lib/python3.7/site-packages/torch/include/TH -I/ailab/user/wangxuhong/.conda/envs/occformer/lib/python3.7/site-packages/torch/include/THC -I/ailab/apps/cuda/11.8/include -I/ailab/user/wangxuhong/.conda/envs/occformer/lib/python3.7/site-packages/torch/include -I/ailab/user/wangxuhong/.conda/envs/occformer/lib/python3.7/site-packages/torch/include/torch/csrc/api/include -I/ailab/user/wangxuhong/.conda/envs/occformer/lib/python3.7/site-packages/torch/include/TH -I/ailab/user/wangxuhong/.conda/envs/occformer/lib/python3.7/site-packages/torch/include/THC -I/ailab/apps/cuda/11.8/include -I/ailab/user/wangxuhong/.conda/envs/occformer/lib/python3.7/site-packages/torch/include -I/ailab/user/wangxuhong/.conda/envs/occformer/lib/python3.7/site-packages/torch/include/torch/csrc/api/include -I/ailab/user/wangxuhong/.conda/envs/occformer/lib/python3.7/site-packages/torch/include/TH -I/ailab/user/wangxuhong/.conda/envs/occformer/lib/python3.7/site-packages/torch/include/THC -I/ailab/apps/cuda/11.8/include -I/ailab/user/wangxuhong/.conda/envs/occformer/lib/python3.7/site-packages/torch/include -I/ailab/user/wangxuhong/.conda/envs/occformer/lib/python3.7/site-packages/torch/include/torch/csrc/api/include -I/ailab/user/wangxuhong/.conda/envs/occformer/lib/python3.7/site-packages/torch/include/TH -I/ailab/user/wangxuhong/.conda/envs/occformer/lib/python3.7/site-packages/torch/include/THC -I/ailab/apps/cuda/11.8/include -I/ailab/user/wangxuhong/.conda/envs/occformer/lib/python3.7/site-packages/torch/include -I/ailab/user/wangxuhong/.conda/envs/occformer/lib/python3.7/site-packages/torch/include/torch/csrc/api/include -I/ailab/user/wangxuhong/.conda/envs/occformer/lib/python3.7/site-packages/torch/include/TH -I/ailab/user/wangxuhong/.conda/envs/occformer/lib/python3.7/site-packages/torch/include/THC -I/ailab/apps/cuda/11.8/include -I/ailab/user/wangxuhong/.conda/envs/occformer/lib/python3.7/site-packages/torch/include -I/ailab/user/wangxuhong/.conda/envs/occformer/lib/python3.7/site-packages/torch/include/torch/csrc/api/include -I/ailab/user/wangxuhong/.conda/envs/occformer/lib/python3.7/site-packages/torch/include/TH -I/ailab/user/wangxuhong/.conda/envs/occformer/lib/python3.7/site-packages/torch/include/THC -I/ailab/apps/cuda/11.8/include -I/ailab/user/wangxuhong/.conda/envs/occformer/include/python3.7m -c -c /ailab/user/wangxuhong/yuqiucheng/OccFormer-main/mmdetection3d/mmdet3d/ops/knn/src/knn_cuda.cu -o /ailab/user/wangxuhong/yuqiucheng/OccFormer-main/mmdetection3d/build/temp.linux-x86_64-cpython-37/mmdet3d/ops/knn/src/knn_cuda.o -D__CUDA_NO_HALF_OPERATORS__ -D__CUDA_NO_HALF_CONVERSIONS__ -D__CUDA_NO_BFLOAT16_CONVERSIONS__ -D__CUDA_NO_HALF2_OPERATORS__ --expt-relaxed-constexpr --compiler-options ''"'"'-fPIC'"'"'' -D__CUDA_NO_HALF_OPERATORS__ -D__CUDA_NO_HALF_CONVERSIONS__ -D__CUDA_NO_HALF2_OPERATORS__ -DTORCH_API_INCLUDE_EXTENSION_H '-DPYBIND11_COMPILER_TYPE="_gcc"' '-DPYBIND11_STDLIB="_libstdcpp"' '-DPYBIND11_BUILD_ABI="_cxxabi1011"' -DTORCH_EXTENSION_NAME=knn_ext -D_GLIBCXX_USE_CXX11_ABI=0 -gencode=arch=compute_86,code=compute_86 -gencode=arch=compute_86,code=sm_86 -std=c++14
    [2/2] c++ -MMD -MF /ailab/user/wangxuhong/yuqiucheng/OccFormer-main/mmdetection3d/build/temp.linux-x86_64-cpython-37/mmdet3d/ops/knn/src/knn.o.d -pthread -B /ailab/user/wangxuhong/.conda/envs/occformer/compiler_compat -Wl,--sysroot=/ -Wsign-compare -DNDEBUG -g -fwrapv -O3 -Wall -Wstrict-prototypes -fPIC -DWITH_CUDA -I/ailab/user/wangxuhong/.conda/envs/occformer/lib/python3.7/site-packages/torch/include -I/ailab/user/wangxuhong/.conda/envs/occformer/lib/python3.7/site-packages/torch/include/torch/csrc/api/include -I/ailab/user/wangxuhong/.conda/envs/occformer/lib/python3.7/site-packages/torch/include/TH -I/ailab/user/wangxuhong/.conda/envs/occformer/lib/python3.7/site-packages/torch/include/THC -I/ailab/apps/cuda/11.8/include -I/ailab/user/wangxuhong/.conda/envs/occformer/lib/python3.7/site-packages/torch/include -I/ailab/user/wangxuhong/.conda/envs/occformer/lib/python3.7/site-packages/torch/include/torch/csrc/api/include -I/ailab/user/wangxuhong/.conda/envs/occformer/lib/python3.7/site-packages/torch/include/TH -I/ailab/user/wangxuhong/.conda/envs/occformer/lib/python3.7/site-packages/torch/include/THC -I/ailab/apps/cuda/11.8/include -I/ailab/user/wangxuhong/.conda/envs/occformer/lib/python3.7/site-packages/torch/include -I/ailab/user/wangxuhong/.conda/envs/occformer/lib/python3.7/site-packages/torch/include/torch/csrc/api/include -I/ailab/user/wangxuhong/.conda/envs/occformer/lib/python3.7/site-packages/torch/include/TH -I/ailab/user/wangxuhong/.conda/envs/occformer/lib/python3.7/site-packages/torch/include/THC -I/ailab/apps/cuda/11.8/include -I/ailab/user/wangxuhong/.conda/envs/occformer/lib/python3.7/site-packages/torch/include -I/ailab/user/wangxuhong/.conda/envs/occformer/lib/python3.7/site-packages/torch/include/torch/csrc/api/include -I/ailab/user/wangxuhong/.conda/envs/occformer/lib/python3.7/site-packages/torch/include/TH -I/ailab/user/wangxuhong/.conda/envs/occformer/lib/python3.7/site-packages/torch/include/THC -I/ailab/apps/cuda/11.8/include -I/ailab/user/wangxuhong/.conda/envs/occformer/lib/python3.7/site-packages/torch/include -I/ailab/user/wangxuhong/.conda/envs/occformer/lib/python3.7/site-packages/torch/include/torch/csrc/api/include -I/ailab/user/wangxuhong/.conda/envs/occformer/lib/python3.7/site-packages/torch/include/TH -I/ailab/user/wangxuhong/.conda/envs/occformer/lib/python3.7/site-packages/torch/include/THC -I/ailab/apps/cuda/11.8/include -I/ailab/user/wangxuhong/.conda/envs/occformer/lib/python3.7/site-packages/torch/include -I/ailab/user/wangxuhong/.conda/envs/occformer/lib/python3.7/site-packages/torch/include/torch/csrc/api/include -I/ailab/user/wangxuhong/.conda/envs/occformer/lib/python3.7/site-packages/torch/include/TH -I/ailab/user/wangxuhong/.conda/envs/occformer/lib/python3.7/site-packages/torch/include/THC -I/ailab/apps/cuda/11.8/include -I/ailab/user/wangxuhong/.conda/envs/occformer/lib/python3.7/site-packages/torch/include -I/ailab/user/wangxuhong/.conda/envs/occformer/lib/python3.7/site-packages/torch/include/torch/csrc/api/include -I/ailab/user/wangxuhong/.conda/envs/occformer/lib/python3.7/site-packages/torch/include/TH -I/ailab/user/wangxuhong/.conda/envs/occformer/lib/python3.7/site-packages/torch/include/THC -I/ailab/apps/cuda/11.8/include -I/ailab/user/wangxuhong/.conda/envs/occformer/lib/python3.7/site-packages/torch/include -I/ailab/user/wangxuhong/.conda/envs/occformer/lib/python3.7/site-packages/torch/include/torch/csrc/api/include -I/ailab/user/wangxuhong/.conda/envs/occformer/lib/python3.7/site-packages/torch/include/TH -I/ailab/user/wangxuhong/.conda/envs/occformer/lib/python3.7/site-packages/torch/include/THC -I/ailab/apps/cuda/11.8/include -I/ailab/user/wangxuhong/.conda/envs/occformer/lib/python3.7/site-packages/torch/include -I/ailab/user/wangxuhong/.conda/envs/occformer/lib/python3.7/site-packages/torch/include/torch/csrc/api/include -I/ailab/user/wangxuhong/.conda/envs/occformer/lib/python3.7/site-packages/torch/include/TH -I/ailab/user/wangxuhong/.conda/envs/occformer/lib/python3.7/site-packages/torch/include/THC -I/ailab/apps/cuda/11.8/include -I/ailab/user/wangxuhong/.conda/envs/occformer/lib/python3.7/site-packages/torch/include -I/ailab/user/wangxuhong/.conda/envs/occformer/lib/python3.7/site-packages/torch/include/torch/csrc/api/include -I/ailab/user/wangxuhong/.conda/envs/occformer/lib/python3.7/site-packages/torch/include/TH -I/ailab/user/wangxuhong/.conda/envs/occformer/lib/python3.7/site-packages/torch/include/THC -I/ailab/apps/cuda/11.8/include -I/ailab/user/wangxuhong/.conda/envs/occformer/lib/python3.7/site-packages/torch/include -I/ailab/user/wangxuhong/.conda/envs/occformer/lib/python3.7/site-packages/torch/include/torch/csrc/api/include -I/ailab/user/wangxuhong/.conda/envs/occformer/lib/python3.7/site-packages/torch/include/TH -I/ailab/user/wangxuhong/.conda/envs/occformer/lib/python3.7/site-packages/torch/include/THC -I/ailab/apps/cuda/11.8/include -I/ailab/user/wangxuhong/.conda/envs/occformer/lib/python3.7/site-packages/torch/include -I/ailab/user/wangxuhong/.conda/envs/occformer/lib/python3.7/site-packages/torch/include/torch/csrc/api/include -I/ailab/user/wangxuhong/.conda/envs/occformer/lib/python3.7/site-packages/torch/include/TH -I/ailab/user/wangxuhong/.conda/envs/occformer/lib/python3.7/site-packages/torch/include/THC -I/ailab/apps/cuda/11.8/include -I/ailab/user/wangxuhong/.conda/envs/occformer/lib/python3.7/site-packages/torch/include -I/ailab/user/wangxuhong/.conda/envs/occformer/lib/python3.7/site-packages/torch/include/torch/csrc/api/include -I/ailab/user/wangxuhong/.conda/envs/occformer/lib/python3.7/site-packages/torch/include/TH -I/ailab/user/wangxuhong/.conda/envs/occformer/lib/python3.7/site-packages/torch/include/THC -I/ailab/apps/cuda/11.8/include -I/ailab/user/wangxuhong/.conda/envs/occformer/include/python3.7m -c -c /ailab/user/wangxuhong/yuqiucheng/OccFormer-main/mmdetection3d/mmdet3d/ops/knn/src/knn.cpp -o /ailab/user/wangxuhong/yuqiucheng/OccFormer-main/mmdetection3d/build/temp.linux-x86_64-cpython-37/mmdet3d/ops/knn/src/knn.o -DTORCH_API_INCLUDE_EXTENSION_H '-DPYBIND11_COMPILER_TYPE="_gcc"' '-DPYBIND11_STDLIB="_libstdcpp"' '-DPYBIND11_BUILD_ABI="_cxxabi1011"' -DTORCH_EXTENSION_NAME=knn_ext -D_GLIBCXX_USE_CXX11_ABI=0 -std=c++14
    cc1plus: warning: command line option ‘-Wstrict-prototypes’ is valid for C/ObjC but not for C++
    g++ -pthread -B /ailab/user/wangxuhong/.conda/envs/occformer/compiler_compat -Wl,--sysroot=/ -pthread -shared -B /ailab/user/wangxuhong/.conda/envs/occformer/compiler_compat -L/ailab/user/wangxuhong/.conda/envs/occformer/lib -Wl,-rpath=/ailab/user/wangxuhong/.conda/envs/occformer/lib -Wl,--no-as-needed -Wl,--sysroot=/ /ailab/user/wangxuhong/yuqiucheng/OccFormer-main/mmdetection3d/build/temp.linux-x86_64-cpython-37/mmdet3d/ops/knn/src/knn.o /ailab/user/wangxuhong/yuqiucheng/OccFormer-main/mmdetection3d/build/temp.linux-x86_64-cpython-37/mmdet3d/ops/knn/src/knn_cuda.o -L/ailab/user/wangxuhong/.conda/envs/occformer/lib/python3.7/site-packages/torch/lib -L/ailab/apps/cuda/11.8/lib64 -lc10 -ltorch -ltorch_cpu -ltorch_python -lcudart -lc10_cuda -ltorch_cuda_cu -ltorch_cuda_cpp -o build/lib.linux-x86_64-cpython-37/mmdet3d/ops/knn/knn_ext.cpython-37m-x86_64-linux-gnu.so
    building 'mmdet3d.ops.paconv.assign_score_withk_ext' extension
    creating /ailab/user/wangxuhong/yuqiucheng/OccFormer-main/mmdetection3d/build/temp.linux-x86_64-cpython-37/mmdet3d/ops/paconv
    creating /ailab/user/wangxuhong/yuqiucheng/OccFormer-main/mmdetection3d/build/temp.linux-x86_64-cpython-37/mmdet3d/ops/paconv/src
    Emitting ninja build file /ailab/user/wangxuhong/yuqiucheng/OccFormer-main/mmdetection3d/build/temp.linux-x86_64-cpython-37/build.ninja...
    Compiling objects...
    Allowing ninja to set a default number of workers... (overridable by setting the environment variable MAX_JOBS=N)
    [1/2] /ailab/apps/cuda/11.8/bin/nvcc  -DWITH_CUDA -I/ailab/user/wangxuhong/.conda/envs/occformer/lib/python3.7/site-packages/torch/include -I/ailab/user/wangxuhong/.conda/envs/occformer/lib/python3.7/site-packages/torch/include/torch/csrc/api/include -I/ailab/user/wangxuhong/.conda/envs/occformer/lib/python3.7/site-packages/torch/include/TH -I/ailab/user/wangxuhong/.conda/envs/occformer/lib/python3.7/site-packages/torch/include/THC -I/ailab/apps/cuda/11.8/include -I/ailab/user/wangxuhong/.conda/envs/occformer/lib/python3.7/site-packages/torch/include -I/ailab/user/wangxuhong/.conda/envs/occformer/lib/python3.7/site-packages/torch/include/torch/csrc/api/include -I/ailab/user/wangxuhong/.conda/envs/occformer/lib/python3.7/site-packages/torch/include/TH -I/ailab/user/wangxuhong/.conda/envs/occformer/lib/python3.7/site-packages/torch/include/THC -I/ailab/apps/cuda/11.8/include -I/ailab/user/wangxuhong/.conda/envs/occformer/lib/python3.7/site-packages/torch/include -I/ailab/user/wangxuhong/.conda/envs/occformer/lib/python3.7/site-packages/torch/include/torch/csrc/api/include -I/ailab/user/wangxuhong/.conda/envs/occformer/lib/python3.7/site-packages/torch/include/TH -I/ailab/user/wangxuhong/.conda/envs/occformer/lib/python3.7/site-packages/torch/include/THC -I/ailab/apps/cuda/11.8/include -I/ailab/user/wangxuhong/.conda/envs/occformer/lib/python3.7/site-packages/torch/include -I/ailab/user/wangxuhong/.conda/envs/occformer/lib/python3.7/site-packages/torch/include/torch/csrc/api/include -I/ailab/user/wangxuhong/.conda/envs/occformer/lib/python3.7/site-packages/torch/include/TH -I/ailab/user/wangxuhong/.conda/envs/occformer/lib/python3.7/site-packages/torch/include/THC -I/ailab/apps/cuda/11.8/include -I/ailab/user/wangxuhong/.conda/envs/occformer/lib/python3.7/site-packages/torch/include -I/ailab/user/wangxuhong/.conda/envs/occformer/lib/python3.7/site-packages/torch/include/torch/csrc/api/include -I/ailab/user/wangxuhong/.conda/envs/occformer/lib/python3.7/site-packages/torch/include/TH -I/ailab/user/wangxuhong/.conda/envs/occformer/lib/python3.7/site-packages/torch/include/THC -I/ailab/apps/cuda/11.8/include -I/ailab/user/wangxuhong/.conda/envs/occformer/lib/python3.7/site-packages/torch/include -I/ailab/user/wangxuhong/.conda/envs/occformer/lib/python3.7/site-packages/torch/include/torch/csrc/api/include -I/ailab/user/wangxuhong/.conda/envs/occformer/lib/python3.7/site-packages/torch/include/TH -I/ailab/user/wangxuhong/.conda/envs/occformer/lib/python3.7/site-packages/torch/include/THC -I/ailab/apps/cuda/11.8/include -I/ailab/user/wangxuhong/.conda/envs/occformer/lib/python3.7/site-packages/torch/include -I/ailab/user/wangxuhong/.conda/envs/occformer/lib/python3.7/site-packages/torch/include/torch/csrc/api/include -I/ailab/user/wangxuhong/.conda/envs/occformer/lib/python3.7/site-packages/torch/include/TH -I/ailab/user/wangxuhong/.conda/envs/occformer/lib/python3.7/site-packages/torch/include/THC -I/ailab/apps/cuda/11.8/include -I/ailab/user/wangxuhong/.conda/envs/occformer/lib/python3.7/site-packages/torch/include -I/ailab/user/wangxuhong/.conda/envs/occformer/lib/python3.7/site-packages/torch/include/torch/csrc/api/include -I/ailab/user/wangxuhong/.conda/envs/occformer/lib/python3.7/site-packages/torch/include/TH -I/ailab/user/wangxuhong/.conda/envs/occformer/lib/python3.7/site-packages/torch/include/THC -I/ailab/apps/cuda/11.8/include -I/ailab/user/wangxuhong/.conda/envs/occformer/lib/python3.7/site-packages/torch/include -I/ailab/user/wangxuhong/.conda/envs/occformer/lib/python3.7/site-packages/torch/include/torch/csrc/api/include -I/ailab/user/wangxuhong/.conda/envs/occformer/lib/python3.7/site-packages/torch/include/TH -I/ailab/user/wangxuhong/.conda/envs/occformer/lib/python3.7/site-packages/torch/include/THC -I/ailab/apps/cuda/11.8/include -I/ailab/user/wangxuhong/.conda/envs/occformer/lib/python3.7/site-packages/torch/include -I/ailab/user/wangxuhong/.conda/envs/occformer/lib/python3.7/site-packages/torch/include/torch/csrc/api/include -I/ailab/user/wangxuhong/.conda/envs/occformer/lib/python3.7/site-packages/torch/include/TH -I/ailab/user/wangxuhong/.conda/envs/occformer/lib/python3.7/site-packages/torch/include/THC -I/ailab/apps/cuda/11.8/include -I/ailab/user/wangxuhong/.conda/envs/occformer/lib/python3.7/site-packages/torch/include -I/ailab/user/wangxuhong/.conda/envs/occformer/lib/python3.7/site-packages/torch/include/torch/csrc/api/include -I/ailab/user/wangxuhong/.conda/envs/occformer/lib/python3.7/site-packages/torch/include/TH -I/ailab/user/wangxuhong/.conda/envs/occformer/lib/python3.7/site-packages/torch/include/THC -I/ailab/apps/cuda/11.8/include -I/ailab/user/wangxuhong/.conda/envs/occformer/lib/python3.7/site-packages/torch/include -I/ailab/user/wangxuhong/.conda/envs/occformer/lib/python3.7/site-packages/torch/include/torch/csrc/api/include -I/ailab/user/wangxuhong/.conda/envs/occformer/lib/python3.7/site-packages/torch/include/TH -I/ailab/user/wangxuhong/.conda/envs/occformer/lib/python3.7/site-packages/torch/include/THC -I/ailab/apps/cuda/11.8/include -I/ailab/user/wangxuhong/.conda/envs/occformer/lib/python3.7/site-packages/torch/include -I/ailab/user/wangxuhong/.conda/envs/occformer/lib/python3.7/site-packages/torch/include/torch/csrc/api/include -I/ailab/user/wangxuhong/.conda/envs/occformer/lib/python3.7/site-packages/torch/include/TH -I/ailab/user/wangxuhong/.conda/envs/occformer/lib/python3.7/site-packages/torch/include/THC -I/ailab/apps/cuda/11.8/include -I/ailab/user/wangxuhong/.conda/envs/occformer/include/python3.7m -c -c /ailab/user/wangxuhong/yuqiucheng/OccFormer-main/mmdetection3d/mmdet3d/ops/paconv/src/assign_score_withk_cuda.cu -o /ailab/user/wangxuhong/yuqiucheng/OccFormer-main/mmdetection3d/build/temp.linux-x86_64-cpython-37/mmdet3d/ops/paconv/src/assign_score_withk_cuda.o -D__CUDA_NO_HALF_OPERATORS__ -D__CUDA_NO_HALF_CONVERSIONS__ -D__CUDA_NO_BFLOAT16_CONVERSIONS__ -D__CUDA_NO_HALF2_OPERATORS__ --expt-relaxed-constexpr --compiler-options ''"'"'-fPIC'"'"'' -D__CUDA_NO_HALF_OPERATORS__ -D__CUDA_NO_HALF_CONVERSIONS__ -D__CUDA_NO_HALF2_OPERATORS__ -DTORCH_API_INCLUDE_EXTENSION_H '-DPYBIND11_COMPILER_TYPE="_gcc"' '-DPYBIND11_STDLIB="_libstdcpp"' '-DPYBIND11_BUILD_ABI="_cxxabi1011"' -DTORCH_EXTENSION_NAME=assign_score_withk_ext -D_GLIBCXX_USE_CXX11_ABI=0 -gencode=arch=compute_86,code=compute_86 -gencode=arch=compute_86,code=sm_86 -std=c++14
    /ailab/user/wangxuhong/.conda/envs/occformer/lib/python3.7/site-packages/torch/include/ATen/core/builtin_function.h(110): warning #20236-D: pragma "diag_suppress" is deprecated, use "nv_diag_suppress" instead

    /ailab/user/wangxuhong/.conda/envs/occformer/lib/python3.7/site-packages/torch/include/ATen/core/builtin_function.h(117): warning #20236-D: pragma "diag_default" is deprecated, use "nv_diag_default" instead

    /ailab/user/wangxuhong/.conda/envs/occformer/lib/python3.7/site-packages/torch/include/ATen/core/builtin_function.h(110): warning #20236-D: pragma "diag_suppress" is deprecated, use "nv_diag_suppress" instead

    /ailab/user/wangxuhong/.conda/envs/occformer/lib/python3.7/site-packages/torch/include/ATen/core/builtin_function.h(117): warning #20236-D: pragma "diag_default" is deprecated, use "nv_diag_default" instead

    /ailab/user/wangxuhong/.conda/envs/occformer/lib/python3.7/site-packages/torch/include/ATen/core/builtin_function.h(110): warning #20236-D: pragma "diag_suppress" is deprecated, use "nv_diag_suppress" instead

    /ailab/user/wangxuhong/.conda/envs/occformer/lib/python3.7/site-packages/torch/include/ATen/core/builtin_function.h(117): warning #20236-D: pragma "diag_default" is deprecated, use "nv_diag_default" instead

    /ailab/user/wangxuhong/.conda/envs/occformer/lib/python3.7/site-packages/torch/include/ATen/core/builtin_function.h(110): warning #20236-D: pragma "diag_suppress" is deprecated, use "nv_diag_suppress" instead

    /ailab/user/wangxuhong/.conda/envs/occformer/lib/python3.7/site-packages/torch/include/ATen/core/builtin_function.h(117): warning #20236-D: pragma "diag_default" is deprecated, use "nv_diag_default" instead

    [2/2] c++ -MMD -MF /ailab/user/wangxuhong/yuqiucheng/OccFormer-main/mmdetection3d/build/temp.linux-x86_64-cpython-37/mmdet3d/ops/paconv/src/assign_score_withk.o.d -pthread -B /ailab/user/wangxuhong/.conda/envs/occformer/compiler_compat -Wl,--sysroot=/ -Wsign-compare -DNDEBUG -g -fwrapv -O3 -Wall -Wstrict-prototypes -fPIC -DWITH_CUDA -I/ailab/user/wangxuhong/.conda/envs/occformer/lib/python3.7/site-packages/torch/include -I/ailab/user/wangxuhong/.conda/envs/occformer/lib/python3.7/site-packages/torch/include/torch/csrc/api/include -I/ailab/user/wangxuhong/.conda/envs/occformer/lib/python3.7/site-packages/torch/include/TH -I/ailab/user/wangxuhong/.conda/envs/occformer/lib/python3.7/site-packages/torch/include/THC -I/ailab/apps/cuda/11.8/include -I/ailab/user/wangxuhong/.conda/envs/occformer/lib/python3.7/site-packages/torch/include -I/ailab/user/wangxuhong/.conda/envs/occformer/lib/python3.7/site-packages/torch/include/torch/csrc/api/include -I/ailab/user/wangxuhong/.conda/envs/occformer/lib/python3.7/site-packages/torch/include/TH -I/ailab/user/wangxuhong/.conda/envs/occformer/lib/python3.7/site-packages/torch/include/THC -I/ailab/apps/cuda/11.8/include -I/ailab/user/wangxuhong/.conda/envs/occformer/lib/python3.7/site-packages/torch/include -I/ailab/user/wangxuhong/.conda/envs/occformer/lib/python3.7/site-packages/torch/include/torch/csrc/api/include -I/ailab/user/wangxuhong/.conda/envs/occformer/lib/python3.7/site-packages/torch/include/TH -I/ailab/user/wangxuhong/.conda/envs/occformer/lib/python3.7/site-packages/torch/include/THC -I/ailab/apps/cuda/11.8/include -I/ailab/user/wangxuhong/.conda/envs/occformer/lib/python3.7/site-packages/torch/include -I/ailab/user/wangxuhong/.conda/envs/occformer/lib/python3.7/site-packages/torch/include/torch/csrc/api/include -I/ailab/user/wangxuhong/.conda/envs/occformer/lib/python3.7/site-packages/torch/include/TH -I/ailab/user/wangxuhong/.conda/envs/occformer/lib/python3.7/site-packages/torch/include/THC -I/ailab/apps/cuda/11.8/include -I/ailab/user/wangxuhong/.conda/envs/occformer/lib/python3.7/site-packages/torch/include -I/ailab/user/wangxuhong/.conda/envs/occformer/lib/python3.7/site-packages/torch/include/torch/csrc/api/include -I/ailab/user/wangxuhong/.conda/envs/occformer/lib/python3.7/site-packages/torch/include/TH -I/ailab/user/wangxuhong/.conda/envs/occformer/lib/python3.7/site-packages/torch/include/THC -I/ailab/apps/cuda/11.8/include -I/ailab/user/wangxuhong/.conda/envs/occformer/lib/python3.7/site-packages/torch/include -I/ailab/user/wangxuhong/.conda/envs/occformer/lib/python3.7/site-packages/torch/include/torch/csrc/api/include -I/ailab/user/wangxuhong/.conda/envs/occformer/lib/python3.7/site-packages/torch/include/TH -I/ailab/user/wangxuhong/.conda/envs/occformer/lib/python3.7/site-packages/torch/include/THC -I/ailab/apps/cuda/11.8/include -I/ailab/user/wangxuhong/.conda/envs/occformer/lib/python3.7/site-packages/torch/include -I/ailab/user/wangxuhong/.conda/envs/occformer/lib/python3.7/site-packages/torch/include/torch/csrc/api/include -I/ailab/user/wangxuhong/.conda/envs/occformer/lib/python3.7/site-packages/torch/include/TH -I/ailab/user/wangxuhong/.conda/envs/occformer/lib/python3.7/site-packages/torch/include/THC -I/ailab/apps/cuda/11.8/include -I/ailab/user/wangxuhong/.conda/envs/occformer/lib/python3.7/site-packages/torch/include -I/ailab/user/wangxuhong/.conda/envs/occformer/lib/python3.7/site-packages/torch/include/torch/csrc/api/include -I/ailab/user/wangxuhong/.conda/envs/occformer/lib/python3.7/site-packages/torch/include/TH -I/ailab/user/wangxuhong/.conda/envs/occformer/lib/python3.7/site-packages/torch/include/THC -I/ailab/apps/cuda/11.8/include -I/ailab/user/wangxuhong/.conda/envs/occformer/lib/python3.7/site-packages/torch/include -I/ailab/user/wangxuhong/.conda/envs/occformer/lib/python3.7/site-packages/torch/include/torch/csrc/api/include -I/ailab/user/wangxuhong/.conda/envs/occformer/lib/python3.7/site-packages/torch/include/TH -I/ailab/user/wangxuhong/.conda/envs/occformer/lib/python3.7/site-packages/torch/include/THC -I/ailab/apps/cuda/11.8/include -I/ailab/user/wangxuhong/.conda/envs/occformer/lib/python3.7/site-packages/torch/include -I/ailab/user/wangxuhong/.conda/envs/occformer/lib/python3.7/site-packages/torch/include/torch/csrc/api/include -I/ailab/user/wangxuhong/.conda/envs/occformer/lib/python3.7/site-packages/torch/include/TH -I/ailab/user/wangxuhong/.conda/envs/occformer/lib/python3.7/site-packages/torch/include/THC -I/ailab/apps/cuda/11.8/include -I/ailab/user/wangxuhong/.conda/envs/occformer/lib/python3.7/site-packages/torch/include -I/ailab/user/wangxuhong/.conda/envs/occformer/lib/python3.7/site-packages/torch/include/torch/csrc/api/include -I/ailab/user/wangxuhong/.conda/envs/occformer/lib/python3.7/site-packages/torch/include/TH -I/ailab/user/wangxuhong/.conda/envs/occformer/lib/python3.7/site-packages/torch/include/THC -I/ailab/apps/cuda/11.8/include -I/ailab/user/wangxuhong/.conda/envs/occformer/lib/python3.7/site-packages/torch/include -I/ailab/user/wangxuhong/.conda/envs/occformer/lib/python3.7/site-packages/torch/include/torch/csrc/api/include -I/ailab/user/wangxuhong/.conda/envs/occformer/lib/python3.7/site-packages/torch/include/TH -I/ailab/user/wangxuhong/.conda/envs/occformer/lib/python3.7/site-packages/torch/include/THC -I/ailab/apps/cuda/11.8/include -I/ailab/user/wangxuhong/.conda/envs/occformer/lib/python3.7/site-packages/torch/include -I/ailab/user/wangxuhong/.conda/envs/occformer/lib/python3.7/site-packages/torch/include/torch/csrc/api/include -I/ailab/user/wangxuhong/.conda/envs/occformer/lib/python3.7/site-packages/torch/include/TH -I/ailab/user/wangxuhong/.conda/envs/occformer/lib/python3.7/site-packages/torch/include/THC -I/ailab/apps/cuda/11.8/include -I/ailab/user/wangxuhong/.conda/envs/occformer/include/python3.7m -c -c /ailab/user/wangxuhong/yuqiucheng/OccFormer-main/mmdetection3d/mmdet3d/ops/paconv/src/assign_score_withk.cpp -o /ailab/user/wangxuhong/yuqiucheng/OccFormer-main/mmdetection3d/build/temp.linux-x86_64-cpython-37/mmdet3d/ops/paconv/src/assign_score_withk.o -DTORCH_API_INCLUDE_EXTENSION_H '-DPYBIND11_COMPILER_TYPE="_gcc"' '-DPYBIND11_STDLIB="_libstdcpp"' '-DPYBIND11_BUILD_ABI="_cxxabi1011"' -DTORCH_EXTENSION_NAME=assign_score_withk_ext -D_GLIBCXX_USE_CXX11_ABI=0 -std=c++14
    cc1plus: warning: command line option ‘-Wstrict-prototypes’ is valid for C/ObjC but not for C++
    g++ -pthread -B /ailab/user/wangxuhong/.conda/envs/occformer/compiler_compat -Wl,--sysroot=/ -pthread -shared -B /ailab/user/wangxuhong/.conda/envs/occformer/compiler_compat -L/ailab/user/wangxuhong/.conda/envs/occformer/lib -Wl,-rpath=/ailab/user/wangxuhong/.conda/envs/occformer/lib -Wl,--no-as-needed -Wl,--sysroot=/ /ailab/user/wangxuhong/yuqiucheng/OccFormer-main/mmdetection3d/build/temp.linux-x86_64-cpython-37/mmdet3d/ops/paconv/src/assign_score_withk.o /ailab/user/wangxuhong/yuqiucheng/OccFormer-main/mmdetection3d/build/temp.linux-x86_64-cpython-37/mmdet3d/ops/paconv/src/assign_score_withk_cuda.o -L/ailab/user/wangxuhong/.conda/envs/occformer/lib/python3.7/site-packages/torch/lib -L/ailab/apps/cuda/11.8/lib64 -lc10 -ltorch -ltorch_cpu -ltorch_python -lcudart -lc10_cuda -ltorch_cuda_cu -ltorch_cuda_cpp -o build/lib.linux-x86_64-cpython-37/mmdet3d/ops/paconv/assign_score_withk_ext.cpython-37m-x86_64-linux-gnu.so
    building 'mmdet3d.ops.group_points.group_points_ext' extension
    creating /ailab/user/wangxuhong/yuqiucheng/OccFormer-main/mmdetection3d/build/temp.linux-x86_64-cpython-37/mmdet3d/ops/group_points
    creating /ailab/user/wangxuhong/yuqiucheng/OccFormer-main/mmdetection3d/build/temp.linux-x86_64-cpython-37/mmdet3d/ops/group_points/src
    Emitting ninja build file /ailab/user/wangxuhong/yuqiucheng/OccFormer-main/mmdetection3d/build/temp.linux-x86_64-cpython-37/build.ninja...
    Compiling objects...
    Allowing ninja to set a default number of workers... (overridable by setting the environment variable MAX_JOBS=N)
    [1/2] /ailab/apps/cuda/11.8/bin/nvcc  -DWITH_CUDA -I/ailab/user/wangxuhong/.conda/envs/occformer/lib/python3.7/site-packages/torch/include -I/ailab/user/wangxuhong/.conda/envs/occformer/lib/python3.7/site-packages/torch/include/torch/csrc/api/include -I/ailab/user/wangxuhong/.conda/envs/occformer/lib/python3.7/site-packages/torch/include/TH -I/ailab/user/wangxuhong/.conda/envs/occformer/lib/python3.7/site-packages/torch/include/THC -I/ailab/apps/cuda/11.8/include -I/ailab/user/wangxuhong/.conda/envs/occformer/lib/python3.7/site-packages/torch/include -I/ailab/user/wangxuhong/.conda/envs/occformer/lib/python3.7/site-packages/torch/include/torch/csrc/api/include -I/ailab/user/wangxuhong/.conda/envs/occformer/lib/python3.7/site-packages/torch/include/TH -I/ailab/user/wangxuhong/.conda/envs/occformer/lib/python3.7/site-packages/torch/include/THC -I/ailab/apps/cuda/11.8/include -I/ailab/user/wangxuhong/.conda/envs/occformer/lib/python3.7/site-packages/torch/include -I/ailab/user/wangxuhong/.conda/envs/occformer/lib/python3.7/site-packages/torch/include/torch/csrc/api/include -I/ailab/user/wangxuhong/.conda/envs/occformer/lib/python3.7/site-packages/torch/include/TH -I/ailab/user/wangxuhong/.conda/envs/occformer/lib/python3.7/site-packages/torch/include/THC -I/ailab/apps/cuda/11.8/include -I/ailab/user/wangxuhong/.conda/envs/occformer/lib/python3.7/site-packages/torch/include -I/ailab/user/wangxuhong/.conda/envs/occformer/lib/python3.7/site-packages/torch/include/torch/csrc/api/include -I/ailab/user/wangxuhong/.conda/envs/occformer/lib/python3.7/site-packages/torch/include/TH -I/ailab/user/wangxuhong/.conda/envs/occformer/lib/python3.7/site-packages/torch/include/THC -I/ailab/apps/cuda/11.8/include -I/ailab/user/wangxuhong/.conda/envs/occformer/lib/python3.7/site-packages/torch/include -I/ailab/user/wangxuhong/.conda/envs/occformer/lib/python3.7/site-packages/torch/include/torch/csrc/api/include -I/ailab/user/wangxuhong/.conda/envs/occformer/lib/python3.7/site-packages/torch/include/TH -I/ailab/user/wangxuhong/.conda/envs/occformer/lib/python3.7/site-packages/torch/include/THC -I/ailab/apps/cuda/11.8/include -I/ailab/user/wangxuhong/.conda/envs/occformer/lib/python3.7/site-packages/torch/include -I/ailab/user/wangxuhong/.conda/envs/occformer/lib/python3.7/site-packages/torch/include/torch/csrc/api/include -I/ailab/user/wangxuhong/.conda/envs/occformer/lib/python3.7/site-packages/torch/include/TH -I/ailab/user/wangxuhong/.conda/envs/occformer/lib/python3.7/site-packages/torch/include/THC -I/ailab/apps/cuda/11.8/include -I/ailab/user/wangxuhong/.conda/envs/occformer/lib/python3.7/site-packages/torch/include -I/ailab/user/wangxuhong/.conda/envs/occformer/lib/python3.7/site-packages/torch/include/torch/csrc/api/include -I/ailab/user/wangxuhong/.conda/envs/occformer/lib/python3.7/site-packages/torch/include/TH -I/ailab/user/wangxuhong/.conda/envs/occformer/lib/python3.7/site-packages/torch/include/THC -I/ailab/apps/cuda/11.8/include -I/ailab/user/wangxuhong/.conda/envs/occformer/lib/python3.7/site-packages/torch/include -I/ailab/user/wangxuhong/.conda/envs/occformer/lib/python3.7/site-packages/torch/include/torch/csrc/api/include -I/ailab/user/wangxuhong/.conda/envs/occformer/lib/python3.7/site-packages/torch/include/TH -I/ailab/user/wangxuhong/.conda/envs/occformer/lib/python3.7/site-packages/torch/include/THC -I/ailab/apps/cuda/11.8/include -I/ailab/user/wangxuhong/.conda/envs/occformer/lib/python3.7/site-packages/torch/include -I/ailab/user/wangxuhong/.conda/envs/occformer/lib/python3.7/site-packages/torch/include/torch/csrc/api/include -I/ailab/user/wangxuhong/.conda/envs/occformer/lib/python3.7/site-packages/torch/include/TH -I/ailab/user/wangxuhong/.conda/envs/occformer/lib/python3.7/site-packages/torch/include/THC -I/ailab/apps/cuda/11.8/include -I/ailab/user/wangxuhong/.conda/envs/occformer/lib/python3.7/site-packages/torch/include -I/ailab/user/wangxuhong/.conda/envs/occformer/lib/python3.7/site-packages/torch/include/torch/csrc/api/include -I/ailab/user/wangxuhong/.conda/envs/occformer/lib/python3.7/site-packages/torch/include/TH -I/ailab/user/wangxuhong/.conda/envs/occformer/lib/python3.7/site-packages/torch/include/THC -I/ailab/apps/cuda/11.8/include -I/ailab/user/wangxuhong/.conda/envs/occformer/lib/python3.7/site-packages/torch/include -I/ailab/user/wangxuhong/.conda/envs/occformer/lib/python3.7/site-packages/torch/include/torch/csrc/api/include -I/ailab/user/wangxuhong/.conda/envs/occformer/lib/python3.7/site-packages/torch/include/TH -I/ailab/user/wangxuhong/.conda/envs/occformer/lib/python3.7/site-packages/torch/include/THC -I/ailab/apps/cuda/11.8/include -I/ailab/user/wangxuhong/.conda/envs/occformer/lib/python3.7/site-packages/torch/include -I/ailab/user/wangxuhong/.conda/envs/occformer/lib/python3.7/site-packages/torch/include/torch/csrc/api/include -I/ailab/user/wangxuhong/.conda/envs/occformer/lib/python3.7/site-packages/torch/include/TH -I/ailab/user/wangxuhong/.conda/envs/occformer/lib/python3.7/site-packages/torch/include/THC -I/ailab/apps/cuda/11.8/include -I/ailab/user/wangxuhong/.conda/envs/occformer/lib/python3.7/site-packages/torch/include -I/ailab/user/wangxuhong/.conda/envs/occformer/lib/python3.7/site-packages/torch/include/torch/csrc/api/include -I/ailab/user/wangxuhong/.conda/envs/occformer/lib/python3.7/site-packages/torch/include/TH -I/ailab/user/wangxuhong/.conda/envs/occformer/lib/python3.7/site-packages/torch/include/THC -I/ailab/apps/cuda/11.8/include -I/ailab/user/wangxuhong/.conda/envs/occformer/include/python3.7m -c -c /ailab/user/wangxuhong/yuqiucheng/OccFormer-main/mmdetection3d/mmdet3d/ops/group_points/src/group_points_cuda.cu -o /ailab/user/wangxuhong/yuqiucheng/OccFormer-main/mmdetection3d/build/temp.linux-x86_64-cpython-37/mmdet3d/ops/group_points/src/group_points_cuda.o -D__CUDA_NO_HALF_OPERATORS__ -D__CUDA_NO_HALF_CONVERSIONS__ -D__CUDA_NO_BFLOAT16_CONVERSIONS__ -D__CUDA_NO_HALF2_OPERATORS__ --expt-relaxed-constexpr --compiler-options ''"'"'-fPIC'"'"'' -D__CUDA_NO_HALF_OPERATORS__ -D__CUDA_NO_HALF_CONVERSIONS__ -D__CUDA_NO_HALF2_OPERATORS__ -DTORCH_API_INCLUDE_EXTENSION_H '-DPYBIND11_COMPILER_TYPE="_gcc"' '-DPYBIND11_STDLIB="_libstdcpp"' '-DPYBIND11_BUILD_ABI="_cxxabi1011"' -DTORCH_EXTENSION_NAME=group_points_ext -D_GLIBCXX_USE_CXX11_ABI=0 -gencode=arch=compute_86,code=compute_86 -gencode=arch=compute_86,code=sm_86 -std=c++14
    [2/2] c++ -MMD -MF /ailab/user/wangxuhong/yuqiucheng/OccFormer-main/mmdetection3d/build/temp.linux-x86_64-cpython-37/mmdet3d/ops/group_points/src/group_points.o.d -pthread -B /ailab/user/wangxuhong/.conda/envs/occformer/compiler_compat -Wl,--sysroot=/ -Wsign-compare -DNDEBUG -g -fwrapv -O3 -Wall -Wstrict-prototypes -fPIC -DWITH_CUDA -I/ailab/user/wangxuhong/.conda/envs/occformer/lib/python3.7/site-packages/torch/include -I/ailab/user/wangxuhong/.conda/envs/occformer/lib/python3.7/site-packages/torch/include/torch/csrc/api/include -I/ailab/user/wangxuhong/.conda/envs/occformer/lib/python3.7/site-packages/torch/include/TH -I/ailab/user/wangxuhong/.conda/envs/occformer/lib/python3.7/site-packages/torch/include/THC -I/ailab/apps/cuda/11.8/include -I/ailab/user/wangxuhong/.conda/envs/occformer/lib/python3.7/site-packages/torch/include -I/ailab/user/wangxuhong/.conda/envs/occformer/lib/python3.7/site-packages/torch/include/torch/csrc/api/include -I/ailab/user/wangxuhong/.conda/envs/occformer/lib/python3.7/site-packages/torch/include/TH -I/ailab/user/wangxuhong/.conda/envs/occformer/lib/python3.7/site-packages/torch/include/THC -I/ailab/apps/cuda/11.8/include -I/ailab/user/wangxuhong/.conda/envs/occformer/lib/python3.7/site-packages/torch/include -I/ailab/user/wangxuhong/.conda/envs/occformer/lib/python3.7/site-packages/torch/include/torch/csrc/api/include -I/ailab/user/wangxuhong/.conda/envs/occformer/lib/python3.7/site-packages/torch/include/TH -I/ailab/user/wangxuhong/.conda/envs/occformer/lib/python3.7/site-packages/torch/include/THC -I/ailab/apps/cuda/11.8/include -I/ailab/user/wangxuhong/.conda/envs/occformer/lib/python3.7/site-packages/torch/include -I/ailab/user/wangxuhong/.conda/envs/occformer/lib/python3.7/site-packages/torch/include/torch/csrc/api/include -I/ailab/user/wangxuhong/.conda/envs/occformer/lib/python3.7/site-packages/torch/include/TH -I/ailab/user/wangxuhong/.conda/envs/occformer/lib/python3.7/site-packages/torch/include/THC -I/ailab/apps/cuda/11.8/include -I/ailab/user/wangxuhong/.conda/envs/occformer/lib/python3.7/site-packages/torch/include -I/ailab/user/wangxuhong/.conda/envs/occformer/lib/python3.7/site-packages/torch/include/torch/csrc/api/include -I/ailab/user/wangxuhong/.conda/envs/occformer/lib/python3.7/site-packages/torch/include/TH -I/ailab/user/wangxuhong/.conda/envs/occformer/lib/python3.7/site-packages/torch/include/THC -I/ailab/apps/cuda/11.8/include -I/ailab/user/wangxuhong/.conda/envs/occformer/lib/python3.7/site-packages/torch/include -I/ailab/user/wangxuhong/.conda/envs/occformer/lib/python3.7/site-packages/torch/include/torch/csrc/api/include -I/ailab/user/wangxuhong/.conda/envs/occformer/lib/python3.7/site-packages/torch/include/TH -I/ailab/user/wangxuhong/.conda/envs/occformer/lib/python3.7/site-packages/torch/include/THC -I/ailab/apps/cuda/11.8/include -I/ailab/user/wangxuhong/.conda/envs/occformer/lib/python3.7/site-packages/torch/include -I/ailab/user/wangxuhong/.conda/envs/occformer/lib/python3.7/site-packages/torch/include/torch/csrc/api/include -I/ailab/user/wangxuhong/.conda/envs/occformer/lib/python3.7/site-packages/torch/include/TH -I/ailab/user/wangxuhong/.conda/envs/occformer/lib/python3.7/site-packages/torch/include/THC -I/ailab/apps/cuda/11.8/include -I/ailab/user/wangxuhong/.conda/envs/occformer/lib/python3.7/site-packages/torch/include -I/ailab/user/wangxuhong/.conda/envs/occformer/lib/python3.7/site-packages/torch/include/torch/csrc/api/include -I/ailab/user/wangxuhong/.conda/envs/occformer/lib/python3.7/site-packages/torch/include/TH -I/ailab/user/wangxuhong/.conda/envs/occformer/lib/python3.7/site-packages/torch/include/THC -I/ailab/apps/cuda/11.8/include -I/ailab/user/wangxuhong/.conda/envs/occformer/lib/python3.7/site-packages/torch/include -I/ailab/user/wangxuhong/.conda/envs/occformer/lib/python3.7/site-packages/torch/include/torch/csrc/api/include -I/ailab/user/wangxuhong/.conda/envs/occformer/lib/python3.7/site-packages/torch/include/TH -I/ailab/user/wangxuhong/.conda/envs/occformer/lib/python3.7/site-packages/torch/include/THC -I/ailab/apps/cuda/11.8/include -I/ailab/user/wangxuhong/.conda/envs/occformer/lib/python3.7/site-packages/torch/include -I/ailab/user/wangxuhong/.conda/envs/occformer/lib/python3.7/site-packages/torch/include/torch/csrc/api/include -I/ailab/user/wangxuhong/.conda/envs/occformer/lib/python3.7/site-packages/torch/include/TH -I/ailab/user/wangxuhong/.conda/envs/occformer/lib/python3.7/site-packages/torch/include/THC -I/ailab/apps/cuda/11.8/include -I/ailab/user/wangxuhong/.conda/envs/occformer/lib/python3.7/site-packages/torch/include -I/ailab/user/wangxuhong/.conda/envs/occformer/lib/python3.7/site-packages/torch/include/torch/csrc/api/include -I/ailab/user/wangxuhong/.conda/envs/occformer/lib/python3.7/site-packages/torch/include/TH -I/ailab/user/wangxuhong/.conda/envs/occformer/lib/python3.7/site-packages/torch/include/THC -I/ailab/apps/cuda/11.8/include -I/ailab/user/wangxuhong/.conda/envs/occformer/lib/python3.7/site-packages/torch/include -I/ailab/user/wangxuhong/.conda/envs/occformer/lib/python3.7/site-packages/torch/include/torch/csrc/api/include -I/ailab/user/wangxuhong/.conda/envs/occformer/lib/python3.7/site-packages/torch/include/TH -I/ailab/user/wangxuhong/.conda/envs/occformer/lib/python3.7/site-packages/torch/include/THC -I/ailab/apps/cuda/11.8/include -I/ailab/user/wangxuhong/.conda/envs/occformer/lib/python3.7/site-packages/torch/include -I/ailab/user/wangxuhong/.conda/envs/occformer/lib/python3.7/site-packages/torch/include/torch/csrc/api/include -I/ailab/user/wangxuhong/.conda/envs/occformer/lib/python3.7/site-packages/torch/include/TH -I/ailab/user/wangxuhong/.conda/envs/occformer/lib/python3.7/site-packages/torch/include/THC -I/ailab/apps/cuda/11.8/include -I/ailab/user/wangxuhong/.conda/envs/occformer/include/python3.7m -c -c /ailab/user/wangxuhong/yuqiucheng/OccFormer-main/mmdetection3d/mmdet3d/ops/group_points/src/group_points.cpp -o /ailab/user/wangxuhong/yuqiucheng/OccFormer-main/mmdetection3d/build/temp.linux-x86_64-cpython-37/mmdet3d/ops/group_points/src/group_points.o -DTORCH_API_INCLUDE_EXTENSION_H '-DPYBIND11_COMPILER_TYPE="_gcc"' '-DPYBIND11_STDLIB="_libstdcpp"' '-DPYBIND11_BUILD_ABI="_cxxabi1011"' -DTORCH_EXTENSION_NAME=group_points_ext -D_GLIBCXX_USE_CXX11_ABI=0 -std=c++14
    cc1plus: warning: command line option ‘-Wstrict-prototypes’ is valid for C/ObjC but not for C++
    g++ -pthread -B /ailab/user/wangxuhong/.conda/envs/occformer/compiler_compat -Wl,--sysroot=/ -pthread -shared -B /ailab/user/wangxuhong/.conda/envs/occformer/compiler_compat -L/ailab/user/wangxuhong/.conda/envs/occformer/lib -Wl,-rpath=/ailab/user/wangxuhong/.conda/envs/occformer/lib -Wl,--no-as-needed -Wl,--sysroot=/ /ailab/user/wangxuhong/yuqiucheng/OccFormer-main/mmdetection3d/build/temp.linux-x86_64-cpython-37/mmdet3d/ops/group_points/src/group_points.o /ailab/user/wangxuhong/yuqiucheng/OccFormer-main/mmdetection3d/build/temp.linux-x86_64-cpython-37/mmdet3d/ops/group_points/src/group_points_cuda.o -L/ailab/user/wangxuhong/.conda/envs/occformer/lib/python3.7/site-packages/torch/lib -L/ailab/apps/cuda/11.8/lib64 -lc10 -ltorch -ltorch_cpu -ltorch_python -lcudart -lc10_cuda -ltorch_cuda_cu -ltorch_cuda_cpp -o build/lib.linux-x86_64-cpython-37/mmdet3d/ops/group_points/group_points_ext.cpython-37m-x86_64-linux-gnu.so
    building 'mmdet3d.ops.interpolate.interpolate_ext' extension
    creating /ailab/user/wangxuhong/yuqiucheng/OccFormer-main/mmdetection3d/build/temp.linux-x86_64-cpython-37/mmdet3d/ops/interpolate
    creating /ailab/user/wangxuhong/yuqiucheng/OccFormer-main/mmdetection3d/build/temp.linux-x86_64-cpython-37/mmdet3d/ops/interpolate/src
    Emitting ninja build file /ailab/user/wangxuhong/yuqiucheng/OccFormer-main/mmdetection3d/build/temp.linux-x86_64-cpython-37/build.ninja...
    Compiling objects...
    Allowing ninja to set a default number of workers... (overridable by setting the environment variable MAX_JOBS=N)
    [1/3] /ailab/apps/cuda/11.8/bin/nvcc  -DWITH_CUDA -I/ailab/user/wangxuhong/.conda/envs/occformer/lib/python3.7/site-packages/torch/include -I/ailab/user/wangxuhong/.conda/envs/occformer/lib/python3.7/site-packages/torch/include/torch/csrc/api/include -I/ailab/user/wangxuhong/.conda/envs/occformer/lib/python3.7/site-packages/torch/include/TH -I/ailab/user/wangxuhong/.conda/envs/occformer/lib/python3.7/site-packages/torch/include/THC -I/ailab/apps/cuda/11.8/include -I/ailab/user/wangxuhong/.conda/envs/occformer/lib/python3.7/site-packages/torch/include -I/ailab/user/wangxuhong/.conda/envs/occformer/lib/python3.7/site-packages/torch/include/torch/csrc/api/include -I/ailab/user/wangxuhong/.conda/envs/occformer/lib/python3.7/site-packages/torch/include/TH -I/ailab/user/wangxuhong/.conda/envs/occformer/lib/python3.7/site-packages/torch/include/THC -I/ailab/apps/cuda/11.8/include -I/ailab/user/wangxuhong/.conda/envs/occformer/lib/python3.7/site-packages/torch/include -I/ailab/user/wangxuhong/.conda/envs/occformer/lib/python3.7/site-packages/torch/include/torch/csrc/api/include -I/ailab/user/wangxuhong/.conda/envs/occformer/lib/python3.7/site-packages/torch/include/TH -I/ailab/user/wangxuhong/.conda/envs/occformer/lib/python3.7/site-packages/torch/include/THC -I/ailab/apps/cuda/11.8/include -I/ailab/user/wangxuhong/.conda/envs/occformer/lib/python3.7/site-packages/torch/include -I/ailab/user/wangxuhong/.conda/envs/occformer/lib/python3.7/site-packages/torch/include/torch/csrc/api/include -I/ailab/user/wangxuhong/.conda/envs/occformer/lib/python3.7/site-packages/torch/include/TH -I/ailab/user/wangxuhong/.conda/envs/occformer/lib/python3.7/site-packages/torch/include/THC -I/ailab/apps/cuda/11.8/include -I/ailab/user/wangxuhong/.conda/envs/occformer/lib/python3.7/site-packages/torch/include -I/ailab/user/wangxuhong/.conda/envs/occformer/lib/python3.7/site-packages/torch/include/torch/csrc/api/include -I/ailab/user/wangxuhong/.conda/envs/occformer/lib/python3.7/site-packages/torch/include/TH -I/ailab/user/wangxuhong/.conda/envs/occformer/lib/python3.7/site-packages/torch/include/THC -I/ailab/apps/cuda/11.8/include -I/ailab/user/wangxuhong/.conda/envs/occformer/lib/python3.7/site-packages/torch/include -I/ailab/user/wangxuhong/.conda/envs/occformer/lib/python3.7/site-packages/torch/include/torch/csrc/api/include -I/ailab/user/wangxuhong/.conda/envs/occformer/lib/python3.7/site-packages/torch/include/TH -I/ailab/user/wangxuhong/.conda/envs/occformer/lib/python3.7/site-packages/torch/include/THC -I/ailab/apps/cuda/11.8/include -I/ailab/user/wangxuhong/.conda/envs/occformer/lib/python3.7/site-packages/torch/include -I/ailab/user/wangxuhong/.conda/envs/occformer/lib/python3.7/site-packages/torch/include/torch/csrc/api/include -I/ailab/user/wangxuhong/.conda/envs/occformer/lib/python3.7/site-packages/torch/include/TH -I/ailab/user/wangxuhong/.conda/envs/occformer/lib/python3.7/site-packages/torch/include/THC -I/ailab/apps/cuda/11.8/include -I/ailab/user/wangxuhong/.conda/envs/occformer/lib/python3.7/site-packages/torch/include -I/ailab/user/wangxuhong/.conda/envs/occformer/lib/python3.7/site-packages/torch/include/torch/csrc/api/include -I/ailab/user/wangxuhong/.conda/envs/occformer/lib/python3.7/site-packages/torch/include/TH -I/ailab/user/wangxuhong/.conda/envs/occformer/lib/python3.7/site-packages/torch/include/THC -I/ailab/apps/cuda/11.8/include -I/ailab/user/wangxuhong/.conda/envs/occformer/lib/python3.7/site-packages/torch/include -I/ailab/user/wangxuhong/.conda/envs/occformer/lib/python3.7/site-packages/torch/include/torch/csrc/api/include -I/ailab/user/wangxuhong/.conda/envs/occformer/lib/python3.7/site-packages/torch/include/TH -I/ailab/user/wangxuhong/.conda/envs/occformer/lib/python3.7/site-packages/torch/include/THC -I/ailab/apps/cuda/11.8/include -I/ailab/user/wangxuhong/.conda/envs/occformer/lib/python3.7/site-packages/torch/include -I/ailab/user/wangxuhong/.conda/envs/occformer/lib/python3.7/site-packages/torch/include/torch/csrc/api/include -I/ailab/user/wangxuhong/.conda/envs/occformer/lib/python3.7/site-packages/torch/include/TH -I/ailab/user/wangxuhong/.conda/envs/occformer/lib/python3.7/site-packages/torch/include/THC -I/ailab/apps/cuda/11.8/include -I/ailab/user/wangxuhong/.conda/envs/occformer/lib/python3.7/site-packages/torch/include -I/ailab/user/wangxuhong/.conda/envs/occformer/lib/python3.7/site-packages/torch/include/torch/csrc/api/include -I/ailab/user/wangxuhong/.conda/envs/occformer/lib/python3.7/site-packages/torch/include/TH -I/ailab/user/wangxuhong/.conda/envs/occformer/lib/python3.7/site-packages/torch/include/THC -I/ailab/apps/cuda/11.8/include -I/ailab/user/wangxuhong/.conda/envs/occformer/lib/python3.7/site-packages/torch/include -I/ailab/user/wangxuhong/.conda/envs/occformer/lib/python3.7/site-packages/torch/include/torch/csrc/api/include -I/ailab/user/wangxuhong/.conda/envs/occformer/lib/python3.7/site-packages/torch/include/TH -I/ailab/user/wangxuhong/.conda/envs/occformer/lib/python3.7/site-packages/torch/include/THC -I/ailab/apps/cuda/11.8/include -I/ailab/user/wangxuhong/.conda/envs/occformer/lib/python3.7/site-packages/torch/include -I/ailab/user/wangxuhong/.conda/envs/occformer/lib/python3.7/site-packages/torch/include/torch/csrc/api/include -I/ailab/user/wangxuhong/.conda/envs/occformer/lib/python3.7/site-packages/torch/include/TH -I/ailab/user/wangxuhong/.conda/envs/occformer/lib/python3.7/site-packages/torch/include/THC -I/ailab/apps/cuda/11.8/include -I/ailab/user/wangxuhong/.conda/envs/occformer/include/python3.7m -c -c /ailab/user/wangxuhong/yuqiucheng/OccFormer-main/mmdetection3d/mmdet3d/ops/interpolate/src/three_interpolate_cuda.cu -o /ailab/user/wangxuhong/yuqiucheng/OccFormer-main/mmdetection3d/build/temp.linux-x86_64-cpython-37/mmdet3d/ops/interpolate/src/three_interpolate_cuda.o -D__CUDA_NO_HALF_OPERATORS__ -D__CUDA_NO_HALF_CONVERSIONS__ -D__CUDA_NO_BFLOAT16_CONVERSIONS__ -D__CUDA_NO_HALF2_OPERATORS__ --expt-relaxed-constexpr --compiler-options ''"'"'-fPIC'"'"'' -D__CUDA_NO_HALF_OPERATORS__ -D__CUDA_NO_HALF_CONVERSIONS__ -D__CUDA_NO_HALF2_OPERATORS__ -DTORCH_API_INCLUDE_EXTENSION_H '-DPYBIND11_COMPILER_TYPE="_gcc"' '-DPYBIND11_STDLIB="_libstdcpp"' '-DPYBIND11_BUILD_ABI="_cxxabi1011"' -DTORCH_EXTENSION_NAME=interpolate_ext -D_GLIBCXX_USE_CXX11_ABI=0 -gencode=arch=compute_86,code=compute_86 -gencode=arch=compute_86,code=sm_86 -std=c++14
    [2/3] /ailab/apps/cuda/11.8/bin/nvcc  -DWITH_CUDA -I/ailab/user/wangxuhong/.conda/envs/occformer/lib/python3.7/site-packages/torch/include -I/ailab/user/wangxuhong/.conda/envs/occformer/lib/python3.7/site-packages/torch/include/torch/csrc/api/include -I/ailab/user/wangxuhong/.conda/envs/occformer/lib/python3.7/site-packages/torch/include/TH -I/ailab/user/wangxuhong/.conda/envs/occformer/lib/python3.7/site-packages/torch/include/THC -I/ailab/apps/cuda/11.8/include -I/ailab/user/wangxuhong/.conda/envs/occformer/lib/python3.7/site-packages/torch/include -I/ailab/user/wangxuhong/.conda/envs/occformer/lib/python3.7/site-packages/torch/include/torch/csrc/api/include -I/ailab/user/wangxuhong/.conda/envs/occformer/lib/python3.7/site-packages/torch/include/TH -I/ailab/user/wangxuhong/.conda/envs/occformer/lib/python3.7/site-packages/torch/include/THC -I/ailab/apps/cuda/11.8/include -I/ailab/user/wangxuhong/.conda/envs/occformer/lib/python3.7/site-packages/torch/include -I/ailab/user/wangxuhong/.conda/envs/occformer/lib/python3.7/site-packages/torch/include/torch/csrc/api/include -I/ailab/user/wangxuhong/.conda/envs/occformer/lib/python3.7/site-packages/torch/include/TH -I/ailab/user/wangxuhong/.conda/envs/occformer/lib/python3.7/site-packages/torch/include/THC -I/ailab/apps/cuda/11.8/include -I/ailab/user/wangxuhong/.conda/envs/occformer/lib/python3.7/site-packages/torch/include -I/ailab/user/wangxuhong/.conda/envs/occformer/lib/python3.7/site-packages/torch/include/torch/csrc/api/include -I/ailab/user/wangxuhong/.conda/envs/occformer/lib/python3.7/site-packages/torch/include/TH -I/ailab/user/wangxuhong/.conda/envs/occformer/lib/python3.7/site-packages/torch/include/THC -I/ailab/apps/cuda/11.8/include -I/ailab/user/wangxuhong/.conda/envs/occformer/lib/python3.7/site-packages/torch/include -I/ailab/user/wangxuhong/.conda/envs/occformer/lib/python3.7/site-packages/torch/include/torch/csrc/api/include -I/ailab/user/wangxuhong/.conda/envs/occformer/lib/python3.7/site-packages/torch/include/TH -I/ailab/user/wangxuhong/.conda/envs/occformer/lib/python3.7/site-packages/torch/include/THC -I/ailab/apps/cuda/11.8/include -I/ailab/user/wangxuhong/.conda/envs/occformer/lib/python3.7/site-packages/torch/include -I/ailab/user/wangxuhong/.conda/envs/occformer/lib/python3.7/site-packages/torch/include/torch/csrc/api/include -I/ailab/user/wangxuhong/.conda/envs/occformer/lib/python3.7/site-packages/torch/include/TH -I/ailab/user/wangxuhong/.conda/envs/occformer/lib/python3.7/site-packages/torch/include/THC -I/ailab/apps/cuda/11.8/include -I/ailab/user/wangxuhong/.conda/envs/occformer/lib/python3.7/site-packages/torch/include -I/ailab/user/wangxuhong/.conda/envs/occformer/lib/python3.7/site-packages/torch/include/torch/csrc/api/include -I/ailab/user/wangxuhong/.conda/envs/occformer/lib/python3.7/site-packages/torch/include/TH -I/ailab/user/wangxuhong/.conda/envs/occformer/lib/python3.7/site-packages/torch/include/THC -I/ailab/apps/cuda/11.8/include -I/ailab/user/wangxuhong/.conda/envs/occformer/lib/python3.7/site-packages/torch/include -I/ailab/user/wangxuhong/.conda/envs/occformer/lib/python3.7/site-packages/torch/include/torch/csrc/api/include -I/ailab/user/wangxuhong/.conda/envs/occformer/lib/python3.7/site-packages/torch/include/TH -I/ailab/user/wangxuhong/.conda/envs/occformer/lib/python3.7/site-packages/torch/include/THC -I/ailab/apps/cuda/11.8/include -I/ailab/user/wangxuhong/.conda/envs/occformer/lib/python3.7/site-packages/torch/include -I/ailab/user/wangxuhong/.conda/envs/occformer/lib/python3.7/site-packages/torch/include/torch/csrc/api/include -I/ailab/user/wangxuhong/.conda/envs/occformer/lib/python3.7/site-packages/torch/include/TH -I/ailab/user/wangxuhong/.conda/envs/occformer/lib/python3.7/site-packages/torch/include/THC -I/ailab/apps/cuda/11.8/include -I/ailab/user/wangxuhong/.conda/envs/occformer/lib/python3.7/site-packages/torch/include -I/ailab/user/wangxuhong/.conda/envs/occformer/lib/python3.7/site-packages/torch/include/torch/csrc/api/include -I/ailab/user/wangxuhong/.conda/envs/occformer/lib/python3.7/site-packages/torch/include/TH -I/ailab/user/wangxuhong/.conda/envs/occformer/lib/python3.7/site-packages/torch/include/THC -I/ailab/apps/cuda/11.8/include -I/ailab/user/wangxuhong/.conda/envs/occformer/lib/python3.7/site-packages/torch/include -I/ailab/user/wangxuhong/.conda/envs/occformer/lib/python3.7/site-packages/torch/include/torch/csrc/api/include -I/ailab/user/wangxuhong/.conda/envs/occformer/lib/python3.7/site-packages/torch/include/TH -I/ailab/user/wangxuhong/.conda/envs/occformer/lib/python3.7/site-packages/torch/include/THC -I/ailab/apps/cuda/11.8/include -I/ailab/user/wangxuhong/.conda/envs/occformer/lib/python3.7/site-packages/torch/include -I/ailab/user/wangxuhong/.conda/envs/occformer/lib/python3.7/site-packages/torch/include/torch/csrc/api/include -I/ailab/user/wangxuhong/.conda/envs/occformer/lib/python3.7/site-packages/torch/include/TH -I/ailab/user/wangxuhong/.conda/envs/occformer/lib/python3.7/site-packages/torch/include/THC -I/ailab/apps/cuda/11.8/include -I/ailab/user/wangxuhong/.conda/envs/occformer/lib/python3.7/site-packages/torch/include -I/ailab/user/wangxuhong/.conda/envs/occformer/lib/python3.7/site-packages/torch/include/torch/csrc/api/include -I/ailab/user/wangxuhong/.conda/envs/occformer/lib/python3.7/site-packages/torch/include/TH -I/ailab/user/wangxuhong/.conda/envs/occformer/lib/python3.7/site-packages/torch/include/THC -I/ailab/apps/cuda/11.8/include -I/ailab/user/wangxuhong/.conda/envs/occformer/include/python3.7m -c -c /ailab/user/wangxuhong/yuqiucheng/OccFormer-main/mmdetection3d/mmdet3d/ops/interpolate/src/three_nn_cuda.cu -o /ailab/user/wangxuhong/yuqiucheng/OccFormer-main/mmdetection3d/build/temp.linux-x86_64-cpython-37/mmdet3d/ops/interpolate/src/three_nn_cuda.o -D__CUDA_NO_HALF_OPERATORS__ -D__CUDA_NO_HALF_CONVERSIONS__ -D__CUDA_NO_BFLOAT16_CONVERSIONS__ -D__CUDA_NO_HALF2_OPERATORS__ --expt-relaxed-constexpr --compiler-options ''"'"'-fPIC'"'"'' -D__CUDA_NO_HALF_OPERATORS__ -D__CUDA_NO_HALF_CONVERSIONS__ -D__CUDA_NO_HALF2_OPERATORS__ -DTORCH_API_INCLUDE_EXTENSION_H '-DPYBIND11_COMPILER_TYPE="_gcc"' '-DPYBIND11_STDLIB="_libstdcpp"' '-DPYBIND11_BUILD_ABI="_cxxabi1011"' -DTORCH_EXTENSION_NAME=interpolate_ext -D_GLIBCXX_USE_CXX11_ABI=0 -gencode=arch=compute_86,code=compute_86 -gencode=arch=compute_86,code=sm_86 -std=c++14
    [3/3] c++ -MMD -MF /ailab/user/wangxuhong/yuqiucheng/OccFormer-main/mmdetection3d/build/temp.linux-x86_64-cpython-37/mmdet3d/ops/interpolate/src/interpolate.o.d -pthread -B /ailab/user/wangxuhong/.conda/envs/occformer/compiler_compat -Wl,--sysroot=/ -Wsign-compare -DNDEBUG -g -fwrapv -O3 -Wall -Wstrict-prototypes -fPIC -DWITH_CUDA -I/ailab/user/wangxuhong/.conda/envs/occformer/lib/python3.7/site-packages/torch/include -I/ailab/user/wangxuhong/.conda/envs/occformer/lib/python3.7/site-packages/torch/include/torch/csrc/api/include -I/ailab/user/wangxuhong/.conda/envs/occformer/lib/python3.7/site-packages/torch/include/TH -I/ailab/user/wangxuhong/.conda/envs/occformer/lib/python3.7/site-packages/torch/include/THC -I/ailab/apps/cuda/11.8/include -I/ailab/user/wangxuhong/.conda/envs/occformer/lib/python3.7/site-packages/torch/include -I/ailab/user/wangxuhong/.conda/envs/occformer/lib/python3.7/site-packages/torch/include/torch/csrc/api/include -I/ailab/user/wangxuhong/.conda/envs/occformer/lib/python3.7/site-packages/torch/include/TH -I/ailab/user/wangxuhong/.conda/envs/occformer/lib/python3.7/site-packages/torch/include/THC -I/ailab/apps/cuda/11.8/include -I/ailab/user/wangxuhong/.conda/envs/occformer/lib/python3.7/site-packages/torch/include -I/ailab/user/wangxuhong/.conda/envs/occformer/lib/python3.7/site-packages/torch/include/torch/csrc/api/include -I/ailab/user/wangxuhong/.conda/envs/occformer/lib/python3.7/site-packages/torch/include/TH -I/ailab/user/wangxuhong/.conda/envs/occformer/lib/python3.7/site-packages/torch/include/THC -I/ailab/apps/cuda/11.8/include -I/ailab/user/wangxuhong/.conda/envs/occformer/lib/python3.7/site-packages/torch/include -I/ailab/user/wangxuhong/.conda/envs/occformer/lib/python3.7/site-packages/torch/include/torch/csrc/api/include -I/ailab/user/wangxuhong/.conda/envs/occformer/lib/python3.7/site-packages/torch/include/TH -I/ailab/user/wangxuhong/.conda/envs/occformer/lib/python3.7/site-packages/torch/include/THC -I/ailab/apps/cuda/11.8/include -I/ailab/user/wangxuhong/.conda/envs/occformer/lib/python3.7/site-packages/torch/include -I/ailab/user/wangxuhong/.conda/envs/occformer/lib/python3.7/site-packages/torch/include/torch/csrc/api/include -I/ailab/user/wangxuhong/.conda/envs/occformer/lib/python3.7/site-packages/torch/include/TH -I/ailab/user/wangxuhong/.conda/envs/occformer/lib/python3.7/site-packages/torch/include/THC -I/ailab/apps/cuda/11.8/include -I/ailab/user/wangxuhong/.conda/envs/occformer/lib/python3.7/site-packages/torch/include -I/ailab/user/wangxuhong/.conda/envs/occformer/lib/python3.7/site-packages/torch/include/torch/csrc/api/include -I/ailab/user/wangxuhong/.conda/envs/occformer/lib/python3.7/site-packages/torch/include/TH -I/ailab/user/wangxuhong/.conda/envs/occformer/lib/python3.7/site-packages/torch/include/THC -I/ailab/apps/cuda/11.8/include -I/ailab/user/wangxuhong/.conda/envs/occformer/lib/python3.7/site-packages/torch/include -I/ailab/user/wangxuhong/.conda/envs/occformer/lib/python3.7/site-packages/torch/include/torch/csrc/api/include -I/ailab/user/wangxuhong/.conda/envs/occformer/lib/python3.7/site-packages/torch/include/TH -I/ailab/user/wangxuhong/.conda/envs/occformer/lib/python3.7/site-packages/torch/include/THC -I/ailab/apps/cuda/11.8/include -I/ailab/user/wangxuhong/.conda/envs/occformer/lib/python3.7/site-packages/torch/include -I/ailab/user/wangxuhong/.conda/envs/occformer/lib/python3.7/site-packages/torch/include/torch/csrc/api/include -I/ailab/user/wangxuhong/.conda/envs/occformer/lib/python3.7/site-packages/torch/include/TH -I/ailab/user/wangxuhong/.conda/envs/occformer/lib/python3.7/site-packages/torch/include/THC -I/ailab/apps/cuda/11.8/include -I/ailab/user/wangxuhong/.conda/envs/occformer/lib/python3.7/site-packages/torch/include -I/ailab/user/wangxuhong/.conda/envs/occformer/lib/python3.7/site-packages/torch/include/torch/csrc/api/include -I/ailab/user/wangxuhong/.conda/envs/occformer/lib/python3.7/site-packages/torch/include/TH -I/ailab/user/wangxuhong/.conda/envs/occformer/lib/python3.7/site-packages/torch/include/THC -I/ailab/apps/cuda/11.8/include -I/ailab/user/wangxuhong/.conda/envs/occformer/lib/python3.7/site-packages/torch/include -I/ailab/user/wangxuhong/.conda/envs/occformer/lib/python3.7/site-packages/torch/include/torch/csrc/api/include -I/ailab/user/wangxuhong/.conda/envs/occformer/lib/python3.7/site-packages/torch/include/TH -I/ailab/user/wangxuhong/.conda/envs/occformer/lib/python3.7/site-packages/torch/include/THC -I/ailab/apps/cuda/11.8/include -I/ailab/user/wangxuhong/.conda/envs/occformer/lib/python3.7/site-packages/torch/include -I/ailab/user/wangxuhong/.conda/envs/occformer/lib/python3.7/site-packages/torch/include/torch/csrc/api/include -I/ailab/user/wangxuhong/.conda/envs/occformer/lib/python3.7/site-packages/torch/include/TH -I/ailab/user/wangxuhong/.conda/envs/occformer/lib/python3.7/site-packages/torch/include/THC -I/ailab/apps/cuda/11.8/include -I/ailab/user/wangxuhong/.conda/envs/occformer/lib/python3.7/site-packages/torch/include -I/ailab/user/wangxuhong/.conda/envs/occformer/lib/python3.7/site-packages/torch/include/torch/csrc/api/include -I/ailab/user/wangxuhong/.conda/envs/occformer/lib/python3.7/site-packages/torch/include/TH -I/ailab/user/wangxuhong/.conda/envs/occformer/lib/python3.7/site-packages/torch/include/THC -I/ailab/apps/cuda/11.8/include -I/ailab/user/wangxuhong/.conda/envs/occformer/lib/python3.7/site-packages/torch/include -I/ailab/user/wangxuhong/.conda/envs/occformer/lib/python3.7/site-packages/torch/include/torch/csrc/api/include -I/ailab/user/wangxuhong/.conda/envs/occformer/lib/python3.7/site-packages/torch/include/TH -I/ailab/user/wangxuhong/.conda/envs/occformer/lib/python3.7/site-packages/torch/include/THC -I/ailab/apps/cuda/11.8/include -I/ailab/user/wangxuhong/.conda/envs/occformer/include/python3.7m -c -c /ailab/user/wangxuhong/yuqiucheng/OccFormer-main/mmdetection3d/mmdet3d/ops/interpolate/src/interpolate.cpp -o /ailab/user/wangxuhong/yuqiucheng/OccFormer-main/mmdetection3d/build/temp.linux-x86_64-cpython-37/mmdet3d/ops/interpolate/src/interpolate.o -DTORCH_API_INCLUDE_EXTENSION_H '-DPYBIND11_COMPILER_TYPE="_gcc"' '-DPYBIND11_STDLIB="_libstdcpp"' '-DPYBIND11_BUILD_ABI="_cxxabi1011"' -DTORCH_EXTENSION_NAME=interpolate_ext -D_GLIBCXX_USE_CXX11_ABI=0 -std=c++14
    cc1plus: warning: command line option ‘-Wstrict-prototypes’ is valid for C/ObjC but not for C++
    g++ -pthread -B /ailab/user/wangxuhong/.conda/envs/occformer/compiler_compat -Wl,--sysroot=/ -pthread -shared -B /ailab/user/wangxuhong/.conda/envs/occformer/compiler_compat -L/ailab/user/wangxuhong/.conda/envs/occformer/lib -Wl,-rpath=/ailab/user/wangxuhong/.conda/envs/occformer/lib -Wl,--no-as-needed -Wl,--sysroot=/ /ailab/user/wangxuhong/yuqiucheng/OccFormer-main/mmdetection3d/build/temp.linux-x86_64-cpython-37/mmdet3d/ops/interpolate/src/interpolate.o /ailab/user/wangxuhong/yuqiucheng/OccFormer-main/mmdetection3d/build/temp.linux-x86_64-cpython-37/mmdet3d/ops/interpolate/src/three_interpolate_cuda.o /ailab/user/wangxuhong/yuqiucheng/OccFormer-main/mmdetection3d/build/temp.linux-x86_64-cpython-37/mmdet3d/ops/interpolate/src/three_nn_cuda.o -L/ailab/user/wangxuhong/.conda/envs/occformer/lib/python3.7/site-packages/torch/lib -L/ailab/apps/cuda/11.8/lib64 -lc10 -ltorch -ltorch_cpu -ltorch_python -lcudart -lc10_cuda -ltorch_cuda_cu -ltorch_cuda_cpp -o build/lib.linux-x86_64-cpython-37/mmdet3d/ops/interpolate/interpolate_ext.cpython-37m-x86_64-linux-gnu.so
    building 'mmdet3d.ops.furthest_point_sample.furthest_point_sample_ext' extension
    creating /ailab/user/wangxuhong/yuqiucheng/OccFormer-main/mmdetection3d/build/temp.linux-x86_64-cpython-37/mmdet3d/ops/furthest_point_sample
    creating /ailab/user/wangxuhong/yuqiucheng/OccFormer-main/mmdetection3d/build/temp.linux-x86_64-cpython-37/mmdet3d/ops/furthest_point_sample/src
    Emitting ninja build file /ailab/user/wangxuhong/yuqiucheng/OccFormer-main/mmdetection3d/build/temp.linux-x86_64-cpython-37/build.ninja...
    Compiling objects...
    Allowing ninja to set a default number of workers... (overridable by setting the environment variable MAX_JOBS=N)
    [1/2] /ailab/apps/cuda/11.8/bin/nvcc  -DWITH_CUDA -I/ailab/user/wangxuhong/.conda/envs/occformer/lib/python3.7/site-packages/torch/include -I/ailab/user/wangxuhong/.conda/envs/occformer/lib/python3.7/site-packages/torch/include/torch/csrc/api/include -I/ailab/user/wangxuhong/.conda/envs/occformer/lib/python3.7/site-packages/torch/include/TH -I/ailab/user/wangxuhong/.conda/envs/occformer/lib/python3.7/site-packages/torch/include/THC -I/ailab/apps/cuda/11.8/include -I/ailab/user/wangxuhong/.conda/envs/occformer/lib/python3.7/site-packages/torch/include -I/ailab/user/wangxuhong/.conda/envs/occformer/lib/python3.7/site-packages/torch/include/torch/csrc/api/include -I/ailab/user/wangxuhong/.conda/envs/occformer/lib/python3.7/site-packages/torch/include/TH -I/ailab/user/wangxuhong/.conda/envs/occformer/lib/python3.7/site-packages/torch/include/THC -I/ailab/apps/cuda/11.8/include -I/ailab/user/wangxuhong/.conda/envs/occformer/lib/python3.7/site-packages/torch/include -I/ailab/user/wangxuhong/.conda/envs/occformer/lib/python3.7/site-packages/torch/include/torch/csrc/api/include -I/ailab/user/wangxuhong/.conda/envs/occformer/lib/python3.7/site-packages/torch/include/TH -I/ailab/user/wangxuhong/.conda/envs/occformer/lib/python3.7/site-packages/torch/include/THC -I/ailab/apps/cuda/11.8/include -I/ailab/user/wangxuhong/.conda/envs/occformer/lib/python3.7/site-packages/torch/include -I/ailab/user/wangxuhong/.conda/envs/occformer/lib/python3.7/site-packages/torch/include/torch/csrc/api/include -I/ailab/user/wangxuhong/.conda/envs/occformer/lib/python3.7/site-packages/torch/include/TH -I/ailab/user/wangxuhong/.conda/envs/occformer/lib/python3.7/site-packages/torch/include/THC -I/ailab/apps/cuda/11.8/include -I/ailab/user/wangxuhong/.conda/envs/occformer/lib/python3.7/site-packages/torch/include -I/ailab/user/wangxuhong/.conda/envs/occformer/lib/python3.7/site-packages/torch/include/torch/csrc/api/include -I/ailab/user/wangxuhong/.conda/envs/occformer/lib/python3.7/site-packages/torch/include/TH -I/ailab/user/wangxuhong/.conda/envs/occformer/lib/python3.7/site-packages/torch/include/THC -I/ailab/apps/cuda/11.8/include -I/ailab/user/wangxuhong/.conda/envs/occformer/lib/python3.7/site-packages/torch/include -I/ailab/user/wangxuhong/.conda/envs/occformer/lib/python3.7/site-packages/torch/include/torch/csrc/api/include -I/ailab/user/wangxuhong/.conda/envs/occformer/lib/python3.7/site-packages/torch/include/TH -I/ailab/user/wangxuhong/.conda/envs/occformer/lib/python3.7/site-packages/torch/include/THC -I/ailab/apps/cuda/11.8/include -I/ailab/user/wangxuhong/.conda/envs/occformer/lib/python3.7/site-packages/torch/include -I/ailab/user/wangxuhong/.conda/envs/occformer/lib/python3.7/site-packages/torch/include/torch/csrc/api/include -I/ailab/user/wangxuhong/.conda/envs/occformer/lib/python3.7/site-packages/torch/include/TH -I/ailab/user/wangxuhong/.conda/envs/occformer/lib/python3.7/site-packages/torch/include/THC -I/ailab/apps/cuda/11.8/include -I/ailab/user/wangxuhong/.conda/envs/occformer/lib/python3.7/site-packages/torch/include -I/ailab/user/wangxuhong/.conda/envs/occformer/lib/python3.7/site-packages/torch/include/torch/csrc/api/include -I/ailab/user/wangxuhong/.conda/envs/occformer/lib/python3.7/site-packages/torch/include/TH -I/ailab/user/wangxuhong/.conda/envs/occformer/lib/python3.7/site-packages/torch/include/THC -I/ailab/apps/cuda/11.8/include -I/ailab/user/wangxuhong/.conda/envs/occformer/lib/python3.7/site-packages/torch/include -I/ailab/user/wangxuhong/.conda/envs/occformer/lib/python3.7/site-packages/torch/include/torch/csrc/api/include -I/ailab/user/wangxuhong/.conda/envs/occformer/lib/python3.7/site-packages/torch/include/TH -I/ailab/user/wangxuhong/.conda/envs/occformer/lib/python3.7/site-packages/torch/include/THC -I/ailab/apps/cuda/11.8/include -I/ailab/user/wangxuhong/.conda/envs/occformer/lib/python3.7/site-packages/torch/include -I/ailab/user/wangxuhong/.conda/envs/occformer/lib/python3.7/site-packages/torch/include/torch/csrc/api/include -I/ailab/user/wangxuhong/.conda/envs/occformer/lib/python3.7/site-packages/torch/include/TH -I/ailab/user/wangxuhong/.conda/envs/occformer/lib/python3.7/site-packages/torch/include/THC -I/ailab/apps/cuda/11.8/include -I/ailab/user/wangxuhong/.conda/envs/occformer/lib/python3.7/site-packages/torch/include -I/ailab/user/wangxuhong/.conda/envs/occformer/lib/python3.7/site-packages/torch/include/torch/csrc/api/include -I/ailab/user/wangxuhong/.conda/envs/occformer/lib/python3.7/site-packages/torch/include/TH -I/ailab/user/wangxuhong/.conda/envs/occformer/lib/python3.7/site-packages/torch/include/THC -I/ailab/apps/cuda/11.8/include -I/ailab/user/wangxuhong/.conda/envs/occformer/lib/python3.7/site-packages/torch/include -I/ailab/user/wangxuhong/.conda/envs/occformer/lib/python3.7/site-packages/torch/include/torch/csrc/api/include -I/ailab/user/wangxuhong/.conda/envs/occformer/lib/python3.7/site-packages/torch/include/TH -I/ailab/user/wangxuhong/.conda/envs/occformer/lib/python3.7/site-packages/torch/include/THC -I/ailab/apps/cuda/11.8/include -I/ailab/user/wangxuhong/.conda/envs/occformer/lib/python3.7/site-packages/torch/include -I/ailab/user/wangxuhong/.conda/envs/occformer/lib/python3.7/site-packages/torch/include/torch/csrc/api/include -I/ailab/user/wangxuhong/.conda/envs/occformer/lib/python3.7/site-packages/torch/include/TH -I/ailab/user/wangxuhong/.conda/envs/occformer/lib/python3.7/site-packages/torch/include/THC -I/ailab/apps/cuda/11.8/include -I/ailab/user/wangxuhong/.conda/envs/occformer/include/python3.7m -c -c /ailab/user/wangxuhong/yuqiucheng/OccFormer-main/mmdetection3d/mmdet3d/ops/furthest_point_sample/src/furthest_point_sample_cuda.cu -o /ailab/user/wangxuhong/yuqiucheng/OccFormer-main/mmdetection3d/build/temp.linux-x86_64-cpython-37/mmdet3d/ops/furthest_point_sample/src/furthest_point_sample_cuda.o -D__CUDA_NO_HALF_OPERATORS__ -D__CUDA_NO_HALF_CONVERSIONS__ -D__CUDA_NO_BFLOAT16_CONVERSIONS__ -D__CUDA_NO_HALF2_OPERATORS__ --expt-relaxed-constexpr --compiler-options ''"'"'-fPIC'"'"'' -D__CUDA_NO_HALF_OPERATORS__ -D__CUDA_NO_HALF_CONVERSIONS__ -D__CUDA_NO_HALF2_OPERATORS__ -DTORCH_API_INCLUDE_EXTENSION_H '-DPYBIND11_COMPILER_TYPE="_gcc"' '-DPYBIND11_STDLIB="_libstdcpp"' '-DPYBIND11_BUILD_ABI="_cxxabi1011"' -DTORCH_EXTENSION_NAME=furthest_point_sample_ext -D_GLIBCXX_USE_CXX11_ABI=0 -gencode=arch=compute_86,code=compute_86 -gencode=arch=compute_86,code=sm_86 -std=c++14
    [2/2] c++ -MMD -MF /ailab/user/wangxuhong/yuqiucheng/OccFormer-main/mmdetection3d/build/temp.linux-x86_64-cpython-37/mmdet3d/ops/furthest_point_sample/src/furthest_point_sample.o.d -pthread -B /ailab/user/wangxuhong/.conda/envs/occformer/compiler_compat -Wl,--sysroot=/ -Wsign-compare -DNDEBUG -g -fwrapv -O3 -Wall -Wstrict-prototypes -fPIC -DWITH_CUDA -I/ailab/user/wangxuhong/.conda/envs/occformer/lib/python3.7/site-packages/torch/include -I/ailab/user/wangxuhong/.conda/envs/occformer/lib/python3.7/site-packages/torch/include/torch/csrc/api/include -I/ailab/user/wangxuhong/.conda/envs/occformer/lib/python3.7/site-packages/torch/include/TH -I/ailab/user/wangxuhong/.conda/envs/occformer/lib/python3.7/site-packages/torch/include/THC -I/ailab/apps/cuda/11.8/include -I/ailab/user/wangxuhong/.conda/envs/occformer/lib/python3.7/site-packages/torch/include -I/ailab/user/wangxuhong/.conda/envs/occformer/lib/python3.7/site-packages/torch/include/torch/csrc/api/include -I/ailab/user/wangxuhong/.conda/envs/occformer/lib/python3.7/site-packages/torch/include/TH -I/ailab/user/wangxuhong/.conda/envs/occformer/lib/python3.7/site-packages/torch/include/THC -I/ailab/apps/cuda/11.8/include -I/ailab/user/wangxuhong/.conda/envs/occformer/lib/python3.7/site-packages/torch/include -I/ailab/user/wangxuhong/.conda/envs/occformer/lib/python3.7/site-packages/torch/include/torch/csrc/api/include -I/ailab/user/wangxuhong/.conda/envs/occformer/lib/python3.7/site-packages/torch/include/TH -I/ailab/user/wangxuhong/.conda/envs/occformer/lib/python3.7/site-packages/torch/include/THC -I/ailab/apps/cuda/11.8/include -I/ailab/user/wangxuhong/.conda/envs/occformer/lib/python3.7/site-packages/torch/include -I/ailab/user/wangxuhong/.conda/envs/occformer/lib/python3.7/site-packages/torch/include/torch/csrc/api/include -I/ailab/user/wangxuhong/.conda/envs/occformer/lib/python3.7/site-packages/torch/include/TH -I/ailab/user/wangxuhong/.conda/envs/occformer/lib/python3.7/site-packages/torch/include/THC -I/ailab/apps/cuda/11.8/include -I/ailab/user/wangxuhong/.conda/envs/occformer/lib/python3.7/site-packages/torch/include -I/ailab/user/wangxuhong/.conda/envs/occformer/lib/python3.7/site-packages/torch/include/torch/csrc/api/include -I/ailab/user/wangxuhong/.conda/envs/occformer/lib/python3.7/site-packages/torch/include/TH -I/ailab/user/wangxuhong/.conda/envs/occformer/lib/python3.7/site-packages/torch/include/THC -I/ailab/apps/cuda/11.8/include -I/ailab/user/wangxuhong/.conda/envs/occformer/lib/python3.7/site-packages/torch/include -I/ailab/user/wangxuhong/.conda/envs/occformer/lib/python3.7/site-packages/torch/include/torch/csrc/api/include -I/ailab/user/wangxuhong/.conda/envs/occformer/lib/python3.7/site-packages/torch/include/TH -I/ailab/user/wangxuhong/.conda/envs/occformer/lib/python3.7/site-packages/torch/include/THC -I/ailab/apps/cuda/11.8/include -I/ailab/user/wangxuhong/.conda/envs/occformer/lib/python3.7/site-packages/torch/include -I/ailab/user/wangxuhong/.conda/envs/occformer/lib/python3.7/site-packages/torch/include/torch/csrc/api/include -I/ailab/user/wangxuhong/.conda/envs/occformer/lib/python3.7/site-packages/torch/include/TH -I/ailab/user/wangxuhong/.conda/envs/occformer/lib/python3.7/site-packages/torch/include/THC -I/ailab/apps/cuda/11.8/include -I/ailab/user/wangxuhong/.conda/envs/occformer/lib/python3.7/site-packages/torch/include -I/ailab/user/wangxuhong/.conda/envs/occformer/lib/python3.7/site-packages/torch/include/torch/csrc/api/include -I/ailab/user/wangxuhong/.conda/envs/occformer/lib/python3.7/site-packages/torch/include/TH -I/ailab/user/wangxuhong/.conda/envs/occformer/lib/python3.7/site-packages/torch/include/THC -I/ailab/apps/cuda/11.8/include -I/ailab/user/wangxuhong/.conda/envs/occformer/lib/python3.7/site-packages/torch/include -I/ailab/user/wangxuhong/.conda/envs/occformer/lib/python3.7/site-packages/torch/include/torch/csrc/api/include -I/ailab/user/wangxuhong/.conda/envs/occformer/lib/python3.7/site-packages/torch/include/TH -I/ailab/user/wangxuhong/.conda/envs/occformer/lib/python3.7/site-packages/torch/include/THC -I/ailab/apps/cuda/11.8/include -I/ailab/user/wangxuhong/.conda/envs/occformer/lib/python3.7/site-packages/torch/include -I/ailab/user/wangxuhong/.conda/envs/occformer/lib/python3.7/site-packages/torch/include/torch/csrc/api/include -I/ailab/user/wangxuhong/.conda/envs/occformer/lib/python3.7/site-packages/torch/include/TH -I/ailab/user/wangxuhong/.conda/envs/occformer/lib/python3.7/site-packages/torch/include/THC -I/ailab/apps/cuda/11.8/include -I/ailab/user/wangxuhong/.conda/envs/occformer/lib/python3.7/site-packages/torch/include -I/ailab/user/wangxuhong/.conda/envs/occformer/lib/python3.7/site-packages/torch/include/torch/csrc/api/include -I/ailab/user/wangxuhong/.conda/envs/occformer/lib/python3.7/site-packages/torch/include/TH -I/ailab/user/wangxuhong/.conda/envs/occformer/lib/python3.7/site-packages/torch/include/THC -I/ailab/apps/cuda/11.8/include -I/ailab/user/wangxuhong/.conda/envs/occformer/lib/python3.7/site-packages/torch/include -I/ailab/user/wangxuhong/.conda/envs/occformer/lib/python3.7/site-packages/torch/include/torch/csrc/api/include -I/ailab/user/wangxuhong/.conda/envs/occformer/lib/python3.7/site-packages/torch/include/TH -I/ailab/user/wangxuhong/.conda/envs/occformer/lib/python3.7/site-packages/torch/include/THC -I/ailab/apps/cuda/11.8/include -I/ailab/user/wangxuhong/.conda/envs/occformer/lib/python3.7/site-packages/torch/include -I/ailab/user/wangxuhong/.conda/envs/occformer/lib/python3.7/site-packages/torch/include/torch/csrc/api/include -I/ailab/user/wangxuhong/.conda/envs/occformer/lib/python3.7/site-packages/torch/include/TH -I/ailab/user/wangxuhong/.conda/envs/occformer/lib/python3.7/site-packages/torch/include/THC -I/ailab/apps/cuda/11.8/include -I/ailab/user/wangxuhong/.conda/envs/occformer/include/python3.7m -c -c /ailab/user/wangxuhong/yuqiucheng/OccFormer-main/mmdetection3d/mmdet3d/ops/furthest_point_sample/src/furthest_point_sample.cpp -o /ailab/user/wangxuhong/yuqiucheng/OccFormer-main/mmdetection3d/build/temp.linux-x86_64-cpython-37/mmdet3d/ops/furthest_point_sample/src/furthest_point_sample.o -DTORCH_API_INCLUDE_EXTENSION_H '-DPYBIND11_COMPILER_TYPE="_gcc"' '-DPYBIND11_STDLIB="_libstdcpp"' '-DPYBIND11_BUILD_ABI="_cxxabi1011"' -DTORCH_EXTENSION_NAME=furthest_point_sample_ext -D_GLIBCXX_USE_CXX11_ABI=0 -std=c++14
    cc1plus: warning: command line option ‘-Wstrict-prototypes’ is valid for C/ObjC but not for C++
    /ailab/user/wangxuhong/yuqiucheng/OccFormer-main/mmdetection3d/mmdet3d/ops/furthest_point_sample/src/furthest_point_sample.cpp: In function ‘int furthest_point_sampling_with_dist_wrapper(int, int, int, at::Tensor, at::Tensor, at::Tensor)’:
    /ailab/user/wangxuhong/yuqiucheng/OccFormer-main/mmdetection3d/mmdet3d/ops/furthest_point_sample/src/furthest_point_sample.cpp:53:51: warning: ‘T* at::Tensor::data() const [with T = float]’ is deprecated: Tensor.data<T>() is deprecated. Please use Tensor.data_ptr<T>() instead. [-Wdeprecated-declarations]
       53 |   const float *points = points_tensor.data<float>();
          |                                                   ^
    In file included from /ailab/user/wangxuhong/.conda/envs/occformer/lib/python3.7/site-packages/torch/include/ATen/Tensor.h:3,
                     from /ailab/user/wangxuhong/.conda/envs/occformer/lib/python3.7/site-packages/torch/include/ATen/Context.h:4,
                     from /ailab/user/wangxuhong/.conda/envs/occformer/lib/python3.7/site-packages/torch/include/ATen/cuda/CUDAContext.h:14,
                     from /ailab/user/wangxuhong/yuqiucheng/OccFormer-main/mmdetection3d/mmdet3d/ops/furthest_point_sample/src/furthest_point_sample.cpp:4:
    /ailab/user/wangxuhong/.conda/envs/occformer/lib/python3.7/site-packages/torch/include/ATen/core/TensorBody.h:216:7: note: declared here
      216 |   T * data() const {
          |       ^~~~
    /ailab/user/wangxuhong/yuqiucheng/OccFormer-main/mmdetection3d/mmdet3d/ops/furthest_point_sample/src/furthest_point_sample.cpp:54:41: warning: ‘T* at::Tensor::data() const [with T = float]’ is deprecated: Tensor.data<T>() is deprecated. Please use Tensor.data_ptr<T>() instead. [-Wdeprecated-declarations]
       54 |   float *temp = temp_tensor.data<float>();
          |                                         ^
    In file included from /ailab/user/wangxuhong/.conda/envs/occformer/lib/python3.7/site-packages/torch/include/ATen/Tensor.h:3,
                     from /ailab/user/wangxuhong/.conda/envs/occformer/lib/python3.7/site-packages/torch/include/ATen/Context.h:4,
                     from /ailab/user/wangxuhong/.conda/envs/occformer/lib/python3.7/site-packages/torch/include/ATen/cuda/CUDAContext.h:14,
                     from /ailab/user/wangxuhong/yuqiucheng/OccFormer-main/mmdetection3d/mmdet3d/ops/furthest_point_sample/src/furthest_point_sample.cpp:4:
    /ailab/user/wangxuhong/.conda/envs/occformer/lib/python3.7/site-packages/torch/include/ATen/core/TensorBody.h:216:7: note: declared here
      216 |   T * data() const {
          |       ^~~~
    /ailab/user/wangxuhong/yuqiucheng/OccFormer-main/mmdetection3d/mmdet3d/ops/furthest_point_sample/src/furthest_point_sample.cpp:55:35: warning: ‘T* at::Tensor::data() const [with T = int]’ is deprecated: Tensor.data<T>() is deprecated. Please use Tensor.data_ptr<T>() instead. [-Wdeprecated-declarations]
       55 |   int *idx = idx_tensor.data<int>();
          |                                   ^
    In file included from /ailab/user/wangxuhong/.conda/envs/occformer/lib/python3.7/site-packages/torch/include/ATen/Tensor.h:3,
                     from /ailab/user/wangxuhong/.conda/envs/occformer/lib/python3.7/site-packages/torch/include/ATen/Context.h:4,
                     from /ailab/user/wangxuhong/.conda/envs/occformer/lib/python3.7/site-packages/torch/include/ATen/cuda/CUDAContext.h:14,
                     from /ailab/user/wangxuhong/yuqiucheng/OccFormer-main/mmdetection3d/mmdet3d/ops/furthest_point_sample/src/furthest_point_sample.cpp:4:
    /ailab/user/wangxuhong/.conda/envs/occformer/lib/python3.7/site-packages/torch/include/ATen/core/TensorBody.h:216:7: note: declared here
      216 |   T * data() const {
          |       ^~~~
    g++ -pthread -B /ailab/user/wangxuhong/.conda/envs/occformer/compiler_compat -Wl,--sysroot=/ -pthread -shared -B /ailab/user/wangxuhong/.conda/envs/occformer/compiler_compat -L/ailab/user/wangxuhong/.conda/envs/occformer/lib -Wl,-rpath=/ailab/user/wangxuhong/.conda/envs/occformer/lib -Wl,--no-as-needed -Wl,--sysroot=/ /ailab/user/wangxuhong/yuqiucheng/OccFormer-main/mmdetection3d/build/temp.linux-x86_64-cpython-37/mmdet3d/ops/furthest_point_sample/src/furthest_point_sample.o /ailab/user/wangxuhong/yuqiucheng/OccFormer-main/mmdetection3d/build/temp.linux-x86_64-cpython-37/mmdet3d/ops/furthest_point_sample/src/furthest_point_sample_cuda.o -L/ailab/user/wangxuhong/.conda/envs/occformer/lib/python3.7/site-packages/torch/lib -L/ailab/apps/cuda/11.8/lib64 -lc10 -ltorch -ltorch_cpu -ltorch_python -lcudart -lc10_cuda -ltorch_cuda_cu -ltorch_cuda_cpp -o build/lib.linux-x86_64-cpython-37/mmdet3d/ops/furthest_point_sample/furthest_point_sample_ext.cpython-37m-x86_64-linux-gnu.so
    building 'mmdet3d.ops.gather_points.gather_points_ext' extension
    creating /ailab/user/wangxuhong/yuqiucheng/OccFormer-main/mmdetection3d/build/temp.linux-x86_64-cpython-37/mmdet3d/ops/gather_points
    creating /ailab/user/wangxuhong/yuqiucheng/OccFormer-main/mmdetection3d/build/temp.linux-x86_64-cpython-37/mmdet3d/ops/gather_points/src
    Emitting ninja build file /ailab/user/wangxuhong/yuqiucheng/OccFormer-main/mmdetection3d/build/temp.linux-x86_64-cpython-37/build.ninja...
    Compiling objects...
    Allowing ninja to set a default number of workers... (overridable by setting the environment variable MAX_JOBS=N)
    [1/2] /ailab/apps/cuda/11.8/bin/nvcc  -DWITH_CUDA -I/ailab/user/wangxuhong/.conda/envs/occformer/lib/python3.7/site-packages/torch/include -I/ailab/user/wangxuhong/.conda/envs/occformer/lib/python3.7/site-packages/torch/include/torch/csrc/api/include -I/ailab/user/wangxuhong/.conda/envs/occformer/lib/python3.7/site-packages/torch/include/TH -I/ailab/user/wangxuhong/.conda/envs/occformer/lib/python3.7/site-packages/torch/include/THC -I/ailab/apps/cuda/11.8/include -I/ailab/user/wangxuhong/.conda/envs/occformer/lib/python3.7/site-packages/torch/include -I/ailab/user/wangxuhong/.conda/envs/occformer/lib/python3.7/site-packages/torch/include/torch/csrc/api/include -I/ailab/user/wangxuhong/.conda/envs/occformer/lib/python3.7/site-packages/torch/include/TH -I/ailab/user/wangxuhong/.conda/envs/occformer/lib/python3.7/site-packages/torch/include/THC -I/ailab/apps/cuda/11.8/include -I/ailab/user/wangxuhong/.conda/envs/occformer/lib/python3.7/site-packages/torch/include -I/ailab/user/wangxuhong/.conda/envs/occformer/lib/python3.7/site-packages/torch/include/torch/csrc/api/include -I/ailab/user/wangxuhong/.conda/envs/occformer/lib/python3.7/site-packages/torch/include/TH -I/ailab/user/wangxuhong/.conda/envs/occformer/lib/python3.7/site-packages/torch/include/THC -I/ailab/apps/cuda/11.8/include -I/ailab/user/wangxuhong/.conda/envs/occformer/lib/python3.7/site-packages/torch/include -I/ailab/user/wangxuhong/.conda/envs/occformer/lib/python3.7/site-packages/torch/include/torch/csrc/api/include -I/ailab/user/wangxuhong/.conda/envs/occformer/lib/python3.7/site-packages/torch/include/TH -I/ailab/user/wangxuhong/.conda/envs/occformer/lib/python3.7/site-packages/torch/include/THC -I/ailab/apps/cuda/11.8/include -I/ailab/user/wangxuhong/.conda/envs/occformer/lib/python3.7/site-packages/torch/include -I/ailab/user/wangxuhong/.conda/envs/occformer/lib/python3.7/site-packages/torch/include/torch/csrc/api/include -I/ailab/user/wangxuhong/.conda/envs/occformer/lib/python3.7/site-packages/torch/include/TH -I/ailab/user/wangxuhong/.conda/envs/occformer/lib/python3.7/site-packages/torch/include/THC -I/ailab/apps/cuda/11.8/include -I/ailab/user/wangxuhong/.conda/envs/occformer/lib/python3.7/site-packages/torch/include -I/ailab/user/wangxuhong/.conda/envs/occformer/lib/python3.7/site-packages/torch/include/torch/csrc/api/include -I/ailab/user/wangxuhong/.conda/envs/occformer/lib/python3.7/site-packages/torch/include/TH -I/ailab/user/wangxuhong/.conda/envs/occformer/lib/python3.7/site-packages/torch/include/THC -I/ailab/apps/cuda/11.8/include -I/ailab/user/wangxuhong/.conda/envs/occformer/lib/python3.7/site-packages/torch/include -I/ailab/user/wangxuhong/.conda/envs/occformer/lib/python3.7/site-packages/torch/include/torch/csrc/api/include -I/ailab/user/wangxuhong/.conda/envs/occformer/lib/python3.7/site-packages/torch/include/TH -I/ailab/user/wangxuhong/.conda/envs/occformer/lib/python3.7/site-packages/torch/include/THC -I/ailab/apps/cuda/11.8/include -I/ailab/user/wangxuhong/.conda/envs/occformer/lib/python3.7/site-packages/torch/include -I/ailab/user/wangxuhong/.conda/envs/occformer/lib/python3.7/site-packages/torch/include/torch/csrc/api/include -I/ailab/user/wangxuhong/.conda/envs/occformer/lib/python3.7/site-packages/torch/include/TH -I/ailab/user/wangxuhong/.conda/envs/occformer/lib/python3.7/site-packages/torch/include/THC -I/ailab/apps/cuda/11.8/include -I/ailab/user/wangxuhong/.conda/envs/occformer/lib/python3.7/site-packages/torch/include -I/ailab/user/wangxuhong/.conda/envs/occformer/lib/python3.7/site-packages/torch/include/torch/csrc/api/include -I/ailab/user/wangxuhong/.conda/envs/occformer/lib/python3.7/site-packages/torch/include/TH -I/ailab/user/wangxuhong/.conda/envs/occformer/lib/python3.7/site-packages/torch/include/THC -I/ailab/apps/cuda/11.8/include -I/ailab/user/wangxuhong/.conda/envs/occformer/lib/python3.7/site-packages/torch/include -I/ailab/user/wangxuhong/.conda/envs/occformer/lib/python3.7/site-packages/torch/include/torch/csrc/api/include -I/ailab/user/wangxuhong/.conda/envs/occformer/lib/python3.7/site-packages/torch/include/TH -I/ailab/user/wangxuhong/.conda/envs/occformer/lib/python3.7/site-packages/torch/include/THC -I/ailab/apps/cuda/11.8/include -I/ailab/user/wangxuhong/.conda/envs/occformer/lib/python3.7/site-packages/torch/include -I/ailab/user/wangxuhong/.conda/envs/occformer/lib/python3.7/site-packages/torch/include/torch/csrc/api/include -I/ailab/user/wangxuhong/.conda/envs/occformer/lib/python3.7/site-packages/torch/include/TH -I/ailab/user/wangxuhong/.conda/envs/occformer/lib/python3.7/site-packages/torch/include/THC -I/ailab/apps/cuda/11.8/include -I/ailab/user/wangxuhong/.conda/envs/occformer/lib/python3.7/site-packages/torch/include -I/ailab/user/wangxuhong/.conda/envs/occformer/lib/python3.7/site-packages/torch/include/torch/csrc/api/include -I/ailab/user/wangxuhong/.conda/envs/occformer/lib/python3.7/site-packages/torch/include/TH -I/ailab/user/wangxuhong/.conda/envs/occformer/lib/python3.7/site-packages/torch/include/THC -I/ailab/apps/cuda/11.8/include -I/ailab/user/wangxuhong/.conda/envs/occformer/lib/python3.7/site-packages/torch/include -I/ailab/user/wangxuhong/.conda/envs/occformer/lib/python3.7/site-packages/torch/include/torch/csrc/api/include -I/ailab/user/wangxuhong/.conda/envs/occformer/lib/python3.7/site-packages/torch/include/TH -I/ailab/user/wangxuhong/.conda/envs/occformer/lib/python3.7/site-packages/torch/include/THC -I/ailab/apps/cuda/11.8/include -I/ailab/user/wangxuhong/.conda/envs/occformer/include/python3.7m -c -c /ailab/user/wangxuhong/yuqiucheng/OccFormer-main/mmdetection3d/mmdet3d/ops/gather_points/src/gather_points_cuda.cu -o /ailab/user/wangxuhong/yuqiucheng/OccFormer-main/mmdetection3d/build/temp.linux-x86_64-cpython-37/mmdet3d/ops/gather_points/src/gather_points_cuda.o -D__CUDA_NO_HALF_OPERATORS__ -D__CUDA_NO_HALF_CONVERSIONS__ -D__CUDA_NO_BFLOAT16_CONVERSIONS__ -D__CUDA_NO_HALF2_OPERATORS__ --expt-relaxed-constexpr --compiler-options ''"'"'-fPIC'"'"'' -D__CUDA_NO_HALF_OPERATORS__ -D__CUDA_NO_HALF_CONVERSIONS__ -D__CUDA_NO_HALF2_OPERATORS__ -DTORCH_API_INCLUDE_EXTENSION_H '-DPYBIND11_COMPILER_TYPE="_gcc"' '-DPYBIND11_STDLIB="_libstdcpp"' '-DPYBIND11_BUILD_ABI="_cxxabi1011"' -DTORCH_EXTENSION_NAME=gather_points_ext -D_GLIBCXX_USE_CXX11_ABI=0 -gencode=arch=compute_86,code=compute_86 -gencode=arch=compute_86,code=sm_86 -std=c++14
    [2/2] c++ -MMD -MF /ailab/user/wangxuhong/yuqiucheng/OccFormer-main/mmdetection3d/build/temp.linux-x86_64-cpython-37/mmdet3d/ops/gather_points/src/gather_points.o.d -pthread -B /ailab/user/wangxuhong/.conda/envs/occformer/compiler_compat -Wl,--sysroot=/ -Wsign-compare -DNDEBUG -g -fwrapv -O3 -Wall -Wstrict-prototypes -fPIC -DWITH_CUDA -I/ailab/user/wangxuhong/.conda/envs/occformer/lib/python3.7/site-packages/torch/include -I/ailab/user/wangxuhong/.conda/envs/occformer/lib/python3.7/site-packages/torch/include/torch/csrc/api/include -I/ailab/user/wangxuhong/.conda/envs/occformer/lib/python3.7/site-packages/torch/include/TH -I/ailab/user/wangxuhong/.conda/envs/occformer/lib/python3.7/site-packages/torch/include/THC -I/ailab/apps/cuda/11.8/include -I/ailab/user/wangxuhong/.conda/envs/occformer/lib/python3.7/site-packages/torch/include -I/ailab/user/wangxuhong/.conda/envs/occformer/lib/python3.7/site-packages/torch/include/torch/csrc/api/include -I/ailab/user/wangxuhong/.conda/envs/occformer/lib/python3.7/site-packages/torch/include/TH -I/ailab/user/wangxuhong/.conda/envs/occformer/lib/python3.7/site-packages/torch/include/THC -I/ailab/apps/cuda/11.8/include -I/ailab/user/wangxuhong/.conda/envs/occformer/lib/python3.7/site-packages/torch/include -I/ailab/user/wangxuhong/.conda/envs/occformer/lib/python3.7/site-packages/torch/include/torch/csrc/api/include -I/ailab/user/wangxuhong/.conda/envs/occformer/lib/python3.7/site-packages/torch/include/TH -I/ailab/user/wangxuhong/.conda/envs/occformer/lib/python3.7/site-packages/torch/include/THC -I/ailab/apps/cuda/11.8/include -I/ailab/user/wangxuhong/.conda/envs/occformer/lib/python3.7/site-packages/torch/include -I/ailab/user/wangxuhong/.conda/envs/occformer/lib/python3.7/site-packages/torch/include/torch/csrc/api/include -I/ailab/user/wangxuhong/.conda/envs/occformer/lib/python3.7/site-packages/torch/include/TH -I/ailab/user/wangxuhong/.conda/envs/occformer/lib/python3.7/site-packages/torch/include/THC -I/ailab/apps/cuda/11.8/include -I/ailab/user/wangxuhong/.conda/envs/occformer/lib/python3.7/site-packages/torch/include -I/ailab/user/wangxuhong/.conda/envs/occformer/lib/python3.7/site-packages/torch/include/torch/csrc/api/include -I/ailab/user/wangxuhong/.conda/envs/occformer/lib/python3.7/site-packages/torch/include/TH -I/ailab/user/wangxuhong/.conda/envs/occformer/lib/python3.7/site-packages/torch/include/THC -I/ailab/apps/cuda/11.8/include -I/ailab/user/wangxuhong/.conda/envs/occformer/lib/python3.7/site-packages/torch/include -I/ailab/user/wangxuhong/.conda/envs/occformer/lib/python3.7/site-packages/torch/include/torch/csrc/api/include -I/ailab/user/wangxuhong/.conda/envs/occformer/lib/python3.7/site-packages/torch/include/TH -I/ailab/user/wangxuhong/.conda/envs/occformer/lib/python3.7/site-packages/torch/include/THC -I/ailab/apps/cuda/11.8/include -I/ailab/user/wangxuhong/.conda/envs/occformer/lib/python3.7/site-packages/torch/include -I/ailab/user/wangxuhong/.conda/envs/occformer/lib/python3.7/site-packages/torch/include/torch/csrc/api/include -I/ailab/user/wangxuhong/.conda/envs/occformer/lib/python3.7/site-packages/torch/include/TH -I/ailab/user/wangxuhong/.conda/envs/occformer/lib/python3.7/site-packages/torch/include/THC -I/ailab/apps/cuda/11.8/include -I/ailab/user/wangxuhong/.conda/envs/occformer/lib/python3.7/site-packages/torch/include -I/ailab/user/wangxuhong/.conda/envs/occformer/lib/python3.7/site-packages/torch/include/torch/csrc/api/include -I/ailab/user/wangxuhong/.conda/envs/occformer/lib/python3.7/site-packages/torch/include/TH -I/ailab/user/wangxuhong/.conda/envs/occformer/lib/python3.7/site-packages/torch/include/THC -I/ailab/apps/cuda/11.8/include -I/ailab/user/wangxuhong/.conda/envs/occformer/lib/python3.7/site-packages/torch/include -I/ailab/user/wangxuhong/.conda/envs/occformer/lib/python3.7/site-packages/torch/include/torch/csrc/api/include -I/ailab/user/wangxuhong/.conda/envs/occformer/lib/python3.7/site-packages/torch/include/TH -I/ailab/user/wangxuhong/.conda/envs/occformer/lib/python3.7/site-packages/torch/include/THC -I/ailab/apps/cuda/11.8/include -I/ailab/user/wangxuhong/.conda/envs/occformer/lib/python3.7/site-packages/torch/include -I/ailab/user/wangxuhong/.conda/envs/occformer/lib/python3.7/site-packages/torch/include/torch/csrc/api/include -I/ailab/user/wangxuhong/.conda/envs/occformer/lib/python3.7/site-packages/torch/include/TH -I/ailab/user/wangxuhong/.conda/envs/occformer/lib/python3.7/site-packages/torch/include/THC -I/ailab/apps/cuda/11.8/include -I/ailab/user/wangxuhong/.conda/envs/occformer/lib/python3.7/site-packages/torch/include -I/ailab/user/wangxuhong/.conda/envs/occformer/lib/python3.7/site-packages/torch/include/torch/csrc/api/include -I/ailab/user/wangxuhong/.conda/envs/occformer/lib/python3.7/site-packages/torch/include/TH -I/ailab/user/wangxuhong/.conda/envs/occformer/lib/python3.7/site-packages/torch/include/THC -I/ailab/apps/cuda/11.8/include -I/ailab/user/wangxuhong/.conda/envs/occformer/lib/python3.7/site-packages/torch/include -I/ailab/user/wangxuhong/.conda/envs/occformer/lib/python3.7/site-packages/torch/include/torch/csrc/api/include -I/ailab/user/wangxuhong/.conda/envs/occformer/lib/python3.7/site-packages/torch/include/TH -I/ailab/user/wangxuhong/.conda/envs/occformer/lib/python3.7/site-packages/torch/include/THC -I/ailab/apps/cuda/11.8/include -I/ailab/user/wangxuhong/.conda/envs/occformer/lib/python3.7/site-packages/torch/include -I/ailab/user/wangxuhong/.conda/envs/occformer/lib/python3.7/site-packages/torch/include/torch/csrc/api/include -I/ailab/user/wangxuhong/.conda/envs/occformer/lib/python3.7/site-packages/torch/include/TH -I/ailab/user/wangxuhong/.conda/envs/occformer/lib/python3.7/site-packages/torch/include/THC -I/ailab/apps/cuda/11.8/include -I/ailab/user/wangxuhong/.conda/envs/occformer/include/python3.7m -c -c /ailab/user/wangxuhong/yuqiucheng/OccFormer-main/mmdetection3d/mmdet3d/ops/gather_points/src/gather_points.cpp -o /ailab/user/wangxuhong/yuqiucheng/OccFormer-main/mmdetection3d/build/temp.linux-x86_64-cpython-37/mmdet3d/ops/gather_points/src/gather_points.o -DTORCH_API_INCLUDE_EXTENSION_H '-DPYBIND11_COMPILER_TYPE="_gcc"' '-DPYBIND11_STDLIB="_libstdcpp"' '-DPYBIND11_BUILD_ABI="_cxxabi1011"' -DTORCH_EXTENSION_NAME=gather_points_ext -D_GLIBCXX_USE_CXX11_ABI=0 -std=c++14
    cc1plus: warning: command line option ‘-Wstrict-prototypes’ is valid for C/ObjC but not for C++
    g++ -pthread -B /ailab/user/wangxuhong/.conda/envs/occformer/compiler_compat -Wl,--sysroot=/ -pthread -shared -B /ailab/user/wangxuhong/.conda/envs/occformer/compiler_compat -L/ailab/user/wangxuhong/.conda/envs/occformer/lib -Wl,-rpath=/ailab/user/wangxuhong/.conda/envs/occformer/lib -Wl,--no-as-needed -Wl,--sysroot=/ /ailab/user/wangxuhong/yuqiucheng/OccFormer-main/mmdetection3d/build/temp.linux-x86_64-cpython-37/mmdet3d/ops/gather_points/src/gather_points.o /ailab/user/wangxuhong/yuqiucheng/OccFormer-main/mmdetection3d/build/temp.linux-x86_64-cpython-37/mmdet3d/ops/gather_points/src/gather_points_cuda.o -L/ailab/user/wangxuhong/.conda/envs/occformer/lib/python3.7/site-packages/torch/lib -L/ailab/apps/cuda/11.8/lib64 -lc10 -ltorch -ltorch_cpu -ltorch_python -lcudart -lc10_cuda -ltorch_cuda_cu -ltorch_cuda_cpp -o build/lib.linux-x86_64-cpython-37/mmdet3d/ops/gather_points/gather_points_ext.cpython-37m-x86_64-linux-gnu.so
    building 'mmdet3d.ops.bev_pool.bev_pool_ext' extension
    creating /ailab/user/wangxuhong/yuqiucheng/OccFormer-main/mmdetection3d/build/temp.linux-x86_64-cpython-37/mmdet3d/ops/bev_pool
    creating /ailab/user/wangxuhong/yuqiucheng/OccFormer-main/mmdetection3d/build/temp.linux-x86_64-cpython-37/mmdet3d/ops/bev_pool/src
    Emitting ninja build file /ailab/user/wangxuhong/yuqiucheng/OccFormer-main/mmdetection3d/build/temp.linux-x86_64-cpython-37/build.ninja...
    Compiling objects...
    Allowing ninja to set a default number of workers... (overridable by setting the environment variable MAX_JOBS=N)
    [1/2] /ailab/apps/cuda/11.8/bin/nvcc  -DWITH_CUDA -I/ailab/user/wangxuhong/.conda/envs/occformer/lib/python3.7/site-packages/torch/include -I/ailab/user/wangxuhong/.conda/envs/occformer/lib/python3.7/site-packages/torch/include/torch/csrc/api/include -I/ailab/user/wangxuhong/.conda/envs/occformer/lib/python3.7/site-packages/torch/include/TH -I/ailab/user/wangxuhong/.conda/envs/occformer/lib/python3.7/site-packages/torch/include/THC -I/ailab/apps/cuda/11.8/include -I/ailab/user/wangxuhong/.conda/envs/occformer/lib/python3.7/site-packages/torch/include -I/ailab/user/wangxuhong/.conda/envs/occformer/lib/python3.7/site-packages/torch/include/torch/csrc/api/include -I/ailab/user/wangxuhong/.conda/envs/occformer/lib/python3.7/site-packages/torch/include/TH -I/ailab/user/wangxuhong/.conda/envs/occformer/lib/python3.7/site-packages/torch/include/THC -I/ailab/apps/cuda/11.8/include -I/ailab/user/wangxuhong/.conda/envs/occformer/lib/python3.7/site-packages/torch/include -I/ailab/user/wangxuhong/.conda/envs/occformer/lib/python3.7/site-packages/torch/include/torch/csrc/api/include -I/ailab/user/wangxuhong/.conda/envs/occformer/lib/python3.7/site-packages/torch/include/TH -I/ailab/user/wangxuhong/.conda/envs/occformer/lib/python3.7/site-packages/torch/include/THC -I/ailab/apps/cuda/11.8/include -I/ailab/user/wangxuhong/.conda/envs/occformer/lib/python3.7/site-packages/torch/include -I/ailab/user/wangxuhong/.conda/envs/occformer/lib/python3.7/site-packages/torch/include/torch/csrc/api/include -I/ailab/user/wangxuhong/.conda/envs/occformer/lib/python3.7/site-packages/torch/include/TH -I/ailab/user/wangxuhong/.conda/envs/occformer/lib/python3.7/site-packages/torch/include/THC -I/ailab/apps/cuda/11.8/include -I/ailab/user/wangxuhong/.conda/envs/occformer/lib/python3.7/site-packages/torch/include -I/ailab/user/wangxuhong/.conda/envs/occformer/lib/python3.7/site-packages/torch/include/torch/csrc/api/include -I/ailab/user/wangxuhong/.conda/envs/occformer/lib/python3.7/site-packages/torch/include/TH -I/ailab/user/wangxuhong/.conda/envs/occformer/lib/python3.7/site-packages/torch/include/THC -I/ailab/apps/cuda/11.8/include -I/ailab/user/wangxuhong/.conda/envs/occformer/lib/python3.7/site-packages/torch/include -I/ailab/user/wangxuhong/.conda/envs/occformer/lib/python3.7/site-packages/torch/include/torch/csrc/api/include -I/ailab/user/wangxuhong/.conda/envs/occformer/lib/python3.7/site-packages/torch/include/TH -I/ailab/user/wangxuhong/.conda/envs/occformer/lib/python3.7/site-packages/torch/include/THC -I/ailab/apps/cuda/11.8/include -I/ailab/user/wangxuhong/.conda/envs/occformer/lib/python3.7/site-packages/torch/include -I/ailab/user/wangxuhong/.conda/envs/occformer/lib/python3.7/site-packages/torch/include/torch/csrc/api/include -I/ailab/user/wangxuhong/.conda/envs/occformer/lib/python3.7/site-packages/torch/include/TH -I/ailab/user/wangxuhong/.conda/envs/occformer/lib/python3.7/site-packages/torch/include/THC -I/ailab/apps/cuda/11.8/include -I/ailab/user/wangxuhong/.conda/envs/occformer/lib/python3.7/site-packages/torch/include -I/ailab/user/wangxuhong/.conda/envs/occformer/lib/python3.7/site-packages/torch/include/torch/csrc/api/include -I/ailab/user/wangxuhong/.conda/envs/occformer/lib/python3.7/site-packages/torch/include/TH -I/ailab/user/wangxuhong/.conda/envs/occformer/lib/python3.7/site-packages/torch/include/THC -I/ailab/apps/cuda/11.8/include -I/ailab/user/wangxuhong/.conda/envs/occformer/lib/python3.7/site-packages/torch/include -I/ailab/user/wangxuhong/.conda/envs/occformer/lib/python3.7/site-packages/torch/include/torch/csrc/api/include -I/ailab/user/wangxuhong/.conda/envs/occformer/lib/python3.7/site-packages/torch/include/TH -I/ailab/user/wangxuhong/.conda/envs/occformer/lib/python3.7/site-packages/torch/include/THC -I/ailab/apps/cuda/11.8/include -I/ailab/user/wangxuhong/.conda/envs/occformer/lib/python3.7/site-packages/torch/include -I/ailab/user/wangxuhong/.conda/envs/occformer/lib/python3.7/site-packages/torch/include/torch/csrc/api/include -I/ailab/user/wangxuhong/.conda/envs/occformer/lib/python3.7/site-packages/torch/include/TH -I/ailab/user/wangxuhong/.conda/envs/occformer/lib/python3.7/site-packages/torch/include/THC -I/ailab/apps/cuda/11.8/include -I/ailab/user/wangxuhong/.conda/envs/occformer/lib/python3.7/site-packages/torch/include -I/ailab/user/wangxuhong/.conda/envs/occformer/lib/python3.7/site-packages/torch/include/torch/csrc/api/include -I/ailab/user/wangxuhong/.conda/envs/occformer/lib/python3.7/site-packages/torch/include/TH -I/ailab/user/wangxuhong/.conda/envs/occformer/lib/python3.7/site-packages/torch/include/THC -I/ailab/apps/cuda/11.8/include -I/ailab/user/wangxuhong/.conda/envs/occformer/lib/python3.7/site-packages/torch/include -I/ailab/user/wangxuhong/.conda/envs/occformer/lib/python3.7/site-packages/torch/include/torch/csrc/api/include -I/ailab/user/wangxuhong/.conda/envs/occformer/lib/python3.7/site-packages/torch/include/TH -I/ailab/user/wangxuhong/.conda/envs/occformer/lib/python3.7/site-packages/torch/include/THC -I/ailab/apps/cuda/11.8/include -I/ailab/user/wangxuhong/.conda/envs/occformer/lib/python3.7/site-packages/torch/include -I/ailab/user/wangxuhong/.conda/envs/occformer/lib/python3.7/site-packages/torch/include/torch/csrc/api/include -I/ailab/user/wangxuhong/.conda/envs/occformer/lib/python3.7/site-packages/torch/include/TH -I/ailab/user/wangxuhong/.conda/envs/occformer/lib/python3.7/site-packages/torch/include/THC -I/ailab/apps/cuda/11.8/include -I/ailab/user/wangxuhong/.conda/envs/occformer/include/python3.7m -c -c /ailab/user/wangxuhong/yuqiucheng/OccFormer-main/mmdetection3d/mmdet3d/ops/bev_pool/src/bev_pool_cuda.cu -o /ailab/user/wangxuhong/yuqiucheng/OccFormer-main/mmdetection3d/build/temp.linux-x86_64-cpython-37/mmdet3d/ops/bev_pool/src/bev_pool_cuda.o -D__CUDA_NO_HALF_OPERATORS__ -D__CUDA_NO_HALF_CONVERSIONS__ -D__CUDA_NO_BFLOAT16_CONVERSIONS__ -D__CUDA_NO_HALF2_OPERATORS__ --expt-relaxed-constexpr --compiler-options ''"'"'-fPIC'"'"'' -D__CUDA_NO_HALF_OPERATORS__ -D__CUDA_NO_HALF_CONVERSIONS__ -D__CUDA_NO_HALF2_OPERATORS__ -DTORCH_API_INCLUDE_EXTENSION_H '-DPYBIND11_COMPILER_TYPE="_gcc"' '-DPYBIND11_STDLIB="_libstdcpp"' '-DPYBIND11_BUILD_ABI="_cxxabi1011"' -DTORCH_EXTENSION_NAME=bev_pool_ext -D_GLIBCXX_USE_CXX11_ABI=0 -gencode=arch=compute_86,code=compute_86 -gencode=arch=compute_86,code=sm_86 -std=c++14
    [2/2] c++ -MMD -MF /ailab/user/wangxuhong/yuqiucheng/OccFormer-main/mmdetection3d/build/temp.linux-x86_64-cpython-37/mmdet3d/ops/bev_pool/src/bev_pool.o.d -pthread -B /ailab/user/wangxuhong/.conda/envs/occformer/compiler_compat -Wl,--sysroot=/ -Wsign-compare -DNDEBUG -g -fwrapv -O3 -Wall -Wstrict-prototypes -fPIC -DWITH_CUDA -I/ailab/user/wangxuhong/.conda/envs/occformer/lib/python3.7/site-packages/torch/include -I/ailab/user/wangxuhong/.conda/envs/occformer/lib/python3.7/site-packages/torch/include/torch/csrc/api/include -I/ailab/user/wangxuhong/.conda/envs/occformer/lib/python3.7/site-packages/torch/include/TH -I/ailab/user/wangxuhong/.conda/envs/occformer/lib/python3.7/site-packages/torch/include/THC -I/ailab/apps/cuda/11.8/include -I/ailab/user/wangxuhong/.conda/envs/occformer/lib/python3.7/site-packages/torch/include -I/ailab/user/wangxuhong/.conda/envs/occformer/lib/python3.7/site-packages/torch/include/torch/csrc/api/include -I/ailab/user/wangxuhong/.conda/envs/occformer/lib/python3.7/site-packages/torch/include/TH -I/ailab/user/wangxuhong/.conda/envs/occformer/lib/python3.7/site-packages/torch/include/THC -I/ailab/apps/cuda/11.8/include -I/ailab/user/wangxuhong/.conda/envs/occformer/lib/python3.7/site-packages/torch/include -I/ailab/user/wangxuhong/.conda/envs/occformer/lib/python3.7/site-packages/torch/include/torch/csrc/api/include -I/ailab/user/wangxuhong/.conda/envs/occformer/lib/python3.7/site-packages/torch/include/TH -I/ailab/user/wangxuhong/.conda/envs/occformer/lib/python3.7/site-packages/torch/include/THC -I/ailab/apps/cuda/11.8/include -I/ailab/user/wangxuhong/.conda/envs/occformer/lib/python3.7/site-packages/torch/include -I/ailab/user/wangxuhong/.conda/envs/occformer/lib/python3.7/site-packages/torch/include/torch/csrc/api/include -I/ailab/user/wangxuhong/.conda/envs/occformer/lib/python3.7/site-packages/torch/include/TH -I/ailab/user/wangxuhong/.conda/envs/occformer/lib/python3.7/site-packages/torch/include/THC -I/ailab/apps/cuda/11.8/include -I/ailab/user/wangxuhong/.conda/envs/occformer/lib/python3.7/site-packages/torch/include -I/ailab/user/wangxuhong/.conda/envs/occformer/lib/python3.7/site-packages/torch/include/torch/csrc/api/include -I/ailab/user/wangxuhong/.conda/envs/occformer/lib/python3.7/site-packages/torch/include/TH -I/ailab/user/wangxuhong/.conda/envs/occformer/lib/python3.7/site-packages/torch/include/THC -I/ailab/apps/cuda/11.8/include -I/ailab/user/wangxuhong/.conda/envs/occformer/lib/python3.7/site-packages/torch/include -I/ailab/user/wangxuhong/.conda/envs/occformer/lib/python3.7/site-packages/torch/include/torch/csrc/api/include -I/ailab/user/wangxuhong/.conda/envs/occformer/lib/python3.7/site-packages/torch/include/TH -I/ailab/user/wangxuhong/.conda/envs/occformer/lib/python3.7/site-packages/torch/include/THC -I/ailab/apps/cuda/11.8/include -I/ailab/user/wangxuhong/.conda/envs/occformer/lib/python3.7/site-packages/torch/include -I/ailab/user/wangxuhong/.conda/envs/occformer/lib/python3.7/site-packages/torch/include/torch/csrc/api/include -I/ailab/user/wangxuhong/.conda/envs/occformer/lib/python3.7/site-packages/torch/include/TH -I/ailab/user/wangxuhong/.conda/envs/occformer/lib/python3.7/site-packages/torch/include/THC -I/ailab/apps/cuda/11.8/include -I/ailab/user/wangxuhong/.conda/envs/occformer/lib/python3.7/site-packages/torch/include -I/ailab/user/wangxuhong/.conda/envs/occformer/lib/python3.7/site-packages/torch/include/torch/csrc/api/include -I/ailab/user/wangxuhong/.conda/envs/occformer/lib/python3.7/site-packages/torch/include/TH -I/ailab/user/wangxuhong/.conda/envs/occformer/lib/python3.7/site-packages/torch/include/THC -I/ailab/apps/cuda/11.8/include -I/ailab/user/wangxuhong/.conda/envs/occformer/lib/python3.7/site-packages/torch/include -I/ailab/user/wangxuhong/.conda/envs/occformer/lib/python3.7/site-packages/torch/include/torch/csrc/api/include -I/ailab/user/wangxuhong/.conda/envs/occformer/lib/python3.7/site-packages/torch/include/TH -I/ailab/user/wangxuhong/.conda/envs/occformer/lib/python3.7/site-packages/torch/include/THC -I/ailab/apps/cuda/11.8/include -I/ailab/user/wangxuhong/.conda/envs/occformer/lib/python3.7/site-packages/torch/include -I/ailab/user/wangxuhong/.conda/envs/occformer/lib/python3.7/site-packages/torch/include/torch/csrc/api/include -I/ailab/user/wangxuhong/.conda/envs/occformer/lib/python3.7/site-packages/torch/include/TH -I/ailab/user/wangxuhong/.conda/envs/occformer/lib/python3.7/site-packages/torch/include/THC -I/ailab/apps/cuda/11.8/include -I/ailab/user/wangxuhong/.conda/envs/occformer/lib/python3.7/site-packages/torch/include -I/ailab/user/wangxuhong/.conda/envs/occformer/lib/python3.7/site-packages/torch/include/torch/csrc/api/include -I/ailab/user/wangxuhong/.conda/envs/occformer/lib/python3.7/site-packages/torch/include/TH -I/ailab/user/wangxuhong/.conda/envs/occformer/lib/python3.7/site-packages/torch/include/THC -I/ailab/apps/cuda/11.8/include -I/ailab/user/wangxuhong/.conda/envs/occformer/lib/python3.7/site-packages/torch/include -I/ailab/user/wangxuhong/.conda/envs/occformer/lib/python3.7/site-packages/torch/include/torch/csrc/api/include -I/ailab/user/wangxuhong/.conda/envs/occformer/lib/python3.7/site-packages/torch/include/TH -I/ailab/user/wangxuhong/.conda/envs/occformer/lib/python3.7/site-packages/torch/include/THC -I/ailab/apps/cuda/11.8/include -I/ailab/user/wangxuhong/.conda/envs/occformer/lib/python3.7/site-packages/torch/include -I/ailab/user/wangxuhong/.conda/envs/occformer/lib/python3.7/site-packages/torch/include/torch/csrc/api/include -I/ailab/user/wangxuhong/.conda/envs/occformer/lib/python3.7/site-packages/torch/include/TH -I/ailab/user/wangxuhong/.conda/envs/occformer/lib/python3.7/site-packages/torch/include/THC -I/ailab/apps/cuda/11.8/include -I/ailab/user/wangxuhong/.conda/envs/occformer/include/python3.7m -c -c /ailab/user/wangxuhong/yuqiucheng/OccFormer-main/mmdetection3d/mmdet3d/ops/bev_pool/src/bev_pool.cpp -o /ailab/user/wangxuhong/yuqiucheng/OccFormer-main/mmdetection3d/build/temp.linux-x86_64-cpython-37/mmdet3d/ops/bev_pool/src/bev_pool.o -DTORCH_API_INCLUDE_EXTENSION_H '-DPYBIND11_COMPILER_TYPE="_gcc"' '-DPYBIND11_STDLIB="_libstdcpp"' '-DPYBIND11_BUILD_ABI="_cxxabi1011"' -DTORCH_EXTENSION_NAME=bev_pool_ext -D_GLIBCXX_USE_CXX11_ABI=0 -std=c++14
    cc1plus: warning: command line option ‘-Wstrict-prototypes’ is valid for C/ObjC but not for C++
    g++ -pthread -B /ailab/user/wangxuhong/.conda/envs/occformer/compiler_compat -Wl,--sysroot=/ -pthread -shared -B /ailab/user/wangxuhong/.conda/envs/occformer/compiler_compat -L/ailab/user/wangxuhong/.conda/envs/occformer/lib -Wl,-rpath=/ailab/user/wangxuhong/.conda/envs/occformer/lib -Wl,--no-as-needed -Wl,--sysroot=/ /ailab/user/wangxuhong/yuqiucheng/OccFormer-main/mmdetection3d/build/temp.linux-x86_64-cpython-37/mmdet3d/ops/bev_pool/src/bev_pool.o /ailab/user/wangxuhong/yuqiucheng/OccFormer-main/mmdetection3d/build/temp.linux-x86_64-cpython-37/mmdet3d/ops/bev_pool/src/bev_pool_cuda.o -L/ailab/user/wangxuhong/.conda/envs/occformer/lib/python3.7/site-packages/torch/lib -L/ailab/apps/cuda/11.8/lib64 -lc10 -ltorch -ltorch_cpu -ltorch_python -lcudart -lc10_cuda -ltorch_cuda_cu -ltorch_cuda_cpp -o build/lib.linux-x86_64-cpython-37/mmdet3d/ops/bev_pool/bev_pool_ext.cpython-37m-x86_64-linux-gnu.so
    building 'mmdet3d.ops.voxel_pooling.voxel_pooling_ext' extension
    creating /ailab/user/wangxuhong/yuqiucheng/OccFormer-main/mmdetection3d/build/temp.linux-x86_64-cpython-37/mmdet3d/ops/voxel_pooling
    creating /ailab/user/wangxuhong/yuqiucheng/OccFormer-main/mmdetection3d/build/temp.linux-x86_64-cpython-37/mmdet3d/ops/voxel_pooling/src
    Emitting ninja build file /ailab/user/wangxuhong/yuqiucheng/OccFormer-main/mmdetection3d/build/temp.linux-x86_64-cpython-37/build.ninja...
    Compiling objects...
    Allowing ninja to set a default number of workers... (overridable by setting the environment variable MAX_JOBS=N)
    [1/2] /ailab/apps/cuda/11.8/bin/nvcc  -DWITH_CUDA -I/ailab/user/wangxuhong/.conda/envs/occformer/lib/python3.7/site-packages/torch/include -I/ailab/user/wangxuhong/.conda/envs/occformer/lib/python3.7/site-packages/torch/include/torch/csrc/api/include -I/ailab/user/wangxuhong/.conda/envs/occformer/lib/python3.7/site-packages/torch/include/TH -I/ailab/user/wangxuhong/.conda/envs/occformer/lib/python3.7/site-packages/torch/include/THC -I/ailab/apps/cuda/11.8/include -I/ailab/user/wangxuhong/.conda/envs/occformer/lib/python3.7/site-packages/torch/include -I/ailab/user/wangxuhong/.conda/envs/occformer/lib/python3.7/site-packages/torch/include/torch/csrc/api/include -I/ailab/user/wangxuhong/.conda/envs/occformer/lib/python3.7/site-packages/torch/include/TH -I/ailab/user/wangxuhong/.conda/envs/occformer/lib/python3.7/site-packages/torch/include/THC -I/ailab/apps/cuda/11.8/include -I/ailab/user/wangxuhong/.conda/envs/occformer/lib/python3.7/site-packages/torch/include -I/ailab/user/wangxuhong/.conda/envs/occformer/lib/python3.7/site-packages/torch/include/torch/csrc/api/include -I/ailab/user/wangxuhong/.conda/envs/occformer/lib/python3.7/site-packages/torch/include/TH -I/ailab/user/wangxuhong/.conda/envs/occformer/lib/python3.7/site-packages/torch/include/THC -I/ailab/apps/cuda/11.8/include -I/ailab/user/wangxuhong/.conda/envs/occformer/lib/python3.7/site-packages/torch/include -I/ailab/user/wangxuhong/.conda/envs/occformer/lib/python3.7/site-packages/torch/include/torch/csrc/api/include -I/ailab/user/wangxuhong/.conda/envs/occformer/lib/python3.7/site-packages/torch/include/TH -I/ailab/user/wangxuhong/.conda/envs/occformer/lib/python3.7/site-packages/torch/include/THC -I/ailab/apps/cuda/11.8/include -I/ailab/user/wangxuhong/.conda/envs/occformer/lib/python3.7/site-packages/torch/include -I/ailab/user/wangxuhong/.conda/envs/occformer/lib/python3.7/site-packages/torch/include/torch/csrc/api/include -I/ailab/user/wangxuhong/.conda/envs/occformer/lib/python3.7/site-packages/torch/include/TH -I/ailab/user/wangxuhong/.conda/envs/occformer/lib/python3.7/site-packages/torch/include/THC -I/ailab/apps/cuda/11.8/include -I/ailab/user/wangxuhong/.conda/envs/occformer/lib/python3.7/site-packages/torch/include -I/ailab/user/wangxuhong/.conda/envs/occformer/lib/python3.7/site-packages/torch/include/torch/csrc/api/include -I/ailab/user/wangxuhong/.conda/envs/occformer/lib/python3.7/site-packages/torch/include/TH -I/ailab/user/wangxuhong/.conda/envs/occformer/lib/python3.7/site-packages/torch/include/THC -I/ailab/apps/cuda/11.8/include -I/ailab/user/wangxuhong/.conda/envs/occformer/lib/python3.7/site-packages/torch/include -I/ailab/user/wangxuhong/.conda/envs/occformer/lib/python3.7/site-packages/torch/include/torch/csrc/api/include -I/ailab/user/wangxuhong/.conda/envs/occformer/lib/python3.7/site-packages/torch/include/TH -I/ailab/user/wangxuhong/.conda/envs/occformer/lib/python3.7/site-packages/torch/include/THC -I/ailab/apps/cuda/11.8/include -I/ailab/user/wangxuhong/.conda/envs/occformer/lib/python3.7/site-packages/torch/include -I/ailab/user/wangxuhong/.conda/envs/occformer/lib/python3.7/site-packages/torch/include/torch/csrc/api/include -I/ailab/user/wangxuhong/.conda/envs/occformer/lib/python3.7/site-packages/torch/include/TH -I/ailab/user/wangxuhong/.conda/envs/occformer/lib/python3.7/site-packages/torch/include/THC -I/ailab/apps/cuda/11.8/include -I/ailab/user/wangxuhong/.conda/envs/occformer/lib/python3.7/site-packages/torch/include -I/ailab/user/wangxuhong/.conda/envs/occformer/lib/python3.7/site-packages/torch/include/torch/csrc/api/include -I/ailab/user/wangxuhong/.conda/envs/occformer/lib/python3.7/site-packages/torch/include/TH -I/ailab/user/wangxuhong/.conda/envs/occformer/lib/python3.7/site-packages/torch/include/THC -I/ailab/apps/cuda/11.8/include -I/ailab/user/wangxuhong/.conda/envs/occformer/lib/python3.7/site-packages/torch/include -I/ailab/user/wangxuhong/.conda/envs/occformer/lib/python3.7/site-packages/torch/include/torch/csrc/api/include -I/ailab/user/wangxuhong/.conda/envs/occformer/lib/python3.7/site-packages/torch/include/TH -I/ailab/user/wangxuhong/.conda/envs/occformer/lib/python3.7/site-packages/torch/include/THC -I/ailab/apps/cuda/11.8/include -I/ailab/user/wangxuhong/.conda/envs/occformer/lib/python3.7/site-packages/torch/include -I/ailab/user/wangxuhong/.conda/envs/occformer/lib/python3.7/site-packages/torch/include/torch/csrc/api/include -I/ailab/user/wangxuhong/.conda/envs/occformer/lib/python3.7/site-packages/torch/include/TH -I/ailab/user/wangxuhong/.conda/envs/occformer/lib/python3.7/site-packages/torch/include/THC -I/ailab/apps/cuda/11.8/include -I/ailab/user/wangxuhong/.conda/envs/occformer/lib/python3.7/site-packages/torch/include -I/ailab/user/wangxuhong/.conda/envs/occformer/lib/python3.7/site-packages/torch/include/torch/csrc/api/include -I/ailab/user/wangxuhong/.conda/envs/occformer/lib/python3.7/site-packages/torch/include/TH -I/ailab/user/wangxuhong/.conda/envs/occformer/lib/python3.7/site-packages/torch/include/THC -I/ailab/apps/cuda/11.8/include -I/ailab/user/wangxuhong/.conda/envs/occformer/lib/python3.7/site-packages/torch/include -I/ailab/user/wangxuhong/.conda/envs/occformer/lib/python3.7/site-packages/torch/include/torch/csrc/api/include -I/ailab/user/wangxuhong/.conda/envs/occformer/lib/python3.7/site-packages/torch/include/TH -I/ailab/user/wangxuhong/.conda/envs/occformer/lib/python3.7/site-packages/torch/include/THC -I/ailab/apps/cuda/11.8/include -I/ailab/user/wangxuhong/.conda/envs/occformer/include/python3.7m -c -c /ailab/user/wangxuhong/yuqiucheng/OccFormer-main/mmdetection3d/mmdet3d/ops/voxel_pooling/src/voxel_pooling_forward_cuda.cu -o /ailab/user/wangxuhong/yuqiucheng/OccFormer-main/mmdetection3d/build/temp.linux-x86_64-cpython-37/mmdet3d/ops/voxel_pooling/src/voxel_pooling_forward_cuda.o -D__CUDA_NO_HALF_OPERATORS__ -D__CUDA_NO_HALF_CONVERSIONS__ -D__CUDA_NO_BFLOAT16_CONVERSIONS__ -D__CUDA_NO_HALF2_OPERATORS__ --expt-relaxed-constexpr --compiler-options ''"'"'-fPIC'"'"'' -D__CUDA_NO_HALF_OPERATORS__ -D__CUDA_NO_HALF_CONVERSIONS__ -D__CUDA_NO_HALF2_OPERATORS__ -DTORCH_API_INCLUDE_EXTENSION_H '-DPYBIND11_COMPILER_TYPE="_gcc"' '-DPYBIND11_STDLIB="_libstdcpp"' '-DPYBIND11_BUILD_ABI="_cxxabi1011"' -DTORCH_EXTENSION_NAME=voxel_pooling_ext -D_GLIBCXX_USE_CXX11_ABI=0 -gencode=arch=compute_86,code=compute_86 -gencode=arch=compute_86,code=sm_86 -std=c++14
    [2/2] c++ -MMD -MF /ailab/user/wangxuhong/yuqiucheng/OccFormer-main/mmdetection3d/build/temp.linux-x86_64-cpython-37/mmdet3d/ops/voxel_pooling/src/voxel_pooling_forward.o.d -pthread -B /ailab/user/wangxuhong/.conda/envs/occformer/compiler_compat -Wl,--sysroot=/ -Wsign-compare -DNDEBUG -g -fwrapv -O3 -Wall -Wstrict-prototypes -fPIC -DWITH_CUDA -I/ailab/user/wangxuhong/.conda/envs/occformer/lib/python3.7/site-packages/torch/include -I/ailab/user/wangxuhong/.conda/envs/occformer/lib/python3.7/site-packages/torch/include/torch/csrc/api/include -I/ailab/user/wangxuhong/.conda/envs/occformer/lib/python3.7/site-packages/torch/include/TH -I/ailab/user/wangxuhong/.conda/envs/occformer/lib/python3.7/site-packages/torch/include/THC -I/ailab/apps/cuda/11.8/include -I/ailab/user/wangxuhong/.conda/envs/occformer/lib/python3.7/site-packages/torch/include -I/ailab/user/wangxuhong/.conda/envs/occformer/lib/python3.7/site-packages/torch/include/torch/csrc/api/include -I/ailab/user/wangxuhong/.conda/envs/occformer/lib/python3.7/site-packages/torch/include/TH -I/ailab/user/wangxuhong/.conda/envs/occformer/lib/python3.7/site-packages/torch/include/THC -I/ailab/apps/cuda/11.8/include -I/ailab/user/wangxuhong/.conda/envs/occformer/lib/python3.7/site-packages/torch/include -I/ailab/user/wangxuhong/.conda/envs/occformer/lib/python3.7/site-packages/torch/include/torch/csrc/api/include -I/ailab/user/wangxuhong/.conda/envs/occformer/lib/python3.7/site-packages/torch/include/TH -I/ailab/user/wangxuhong/.conda/envs/occformer/lib/python3.7/site-packages/torch/include/THC -I/ailab/apps/cuda/11.8/include -I/ailab/user/wangxuhong/.conda/envs/occformer/lib/python3.7/site-packages/torch/include -I/ailab/user/wangxuhong/.conda/envs/occformer/lib/python3.7/site-packages/torch/include/torch/csrc/api/include -I/ailab/user/wangxuhong/.conda/envs/occformer/lib/python3.7/site-packages/torch/include/TH -I/ailab/user/wangxuhong/.conda/envs/occformer/lib/python3.7/site-packages/torch/include/THC -I/ailab/apps/cuda/11.8/include -I/ailab/user/wangxuhong/.conda/envs/occformer/lib/python3.7/site-packages/torch/include -I/ailab/user/wangxuhong/.conda/envs/occformer/lib/python3.7/site-packages/torch/include/torch/csrc/api/include -I/ailab/user/wangxuhong/.conda/envs/occformer/lib/python3.7/site-packages/torch/include/TH -I/ailab/user/wangxuhong/.conda/envs/occformer/lib/python3.7/site-packages/torch/include/THC -I/ailab/apps/cuda/11.8/include -I/ailab/user/wangxuhong/.conda/envs/occformer/lib/python3.7/site-packages/torch/include -I/ailab/user/wangxuhong/.conda/envs/occformer/lib/python3.7/site-packages/torch/include/torch/csrc/api/include -I/ailab/user/wangxuhong/.conda/envs/occformer/lib/python3.7/site-packages/torch/include/TH -I/ailab/user/wangxuhong/.conda/envs/occformer/lib/python3.7/site-packages/torch/include/THC -I/ailab/apps/cuda/11.8/include -I/ailab/user/wangxuhong/.conda/envs/occformer/lib/python3.7/site-packages/torch/include -I/ailab/user/wangxuhong/.conda/envs/occformer/lib/python3.7/site-packages/torch/include/torch/csrc/api/include -I/ailab/user/wangxuhong/.conda/envs/occformer/lib/python3.7/site-packages/torch/include/TH -I/ailab/user/wangxuhong/.conda/envs/occformer/lib/python3.7/site-packages/torch/include/THC -I/ailab/apps/cuda/11.8/include -I/ailab/user/wangxuhong/.conda/envs/occformer/lib/python3.7/site-packages/torch/include -I/ailab/user/wangxuhong/.conda/envs/occformer/lib/python3.7/site-packages/torch/include/torch/csrc/api/include -I/ailab/user/wangxuhong/.conda/envs/occformer/lib/python3.7/site-packages/torch/include/TH -I/ailab/user/wangxuhong/.conda/envs/occformer/lib/python3.7/site-packages/torch/include/THC -I/ailab/apps/cuda/11.8/include -I/ailab/user/wangxuhong/.conda/envs/occformer/lib/python3.7/site-packages/torch/include -I/ailab/user/wangxuhong/.conda/envs/occformer/lib/python3.7/site-packages/torch/include/torch/csrc/api/include -I/ailab/user/wangxuhong/.conda/envs/occformer/lib/python3.7/site-packages/torch/include/TH -I/ailab/user/wangxuhong/.conda/envs/occformer/lib/python3.7/site-packages/torch/include/THC -I/ailab/apps/cuda/11.8/include -I/ailab/user/wangxuhong/.conda/envs/occformer/lib/python3.7/site-packages/torch/include -I/ailab/user/wangxuhong/.conda/envs/occformer/lib/python3.7/site-packages/torch/include/torch/csrc/api/include -I/ailab/user/wangxuhong/.conda/envs/occformer/lib/python3.7/site-packages/torch/include/TH -I/ailab/user/wangxuhong/.conda/envs/occformer/lib/python3.7/site-packages/torch/include/THC -I/ailab/apps/cuda/11.8/include -I/ailab/user/wangxuhong/.conda/envs/occformer/lib/python3.7/site-packages/torch/include -I/ailab/user/wangxuhong/.conda/envs/occformer/lib/python3.7/site-packages/torch/include/torch/csrc/api/include -I/ailab/user/wangxuhong/.conda/envs/occformer/lib/python3.7/site-packages/torch/include/TH -I/ailab/user/wangxuhong/.conda/envs/occformer/lib/python3.7/site-packages/torch/include/THC -I/ailab/apps/cuda/11.8/include -I/ailab/user/wangxuhong/.conda/envs/occformer/lib/python3.7/site-packages/torch/include -I/ailab/user/wangxuhong/.conda/envs/occformer/lib/python3.7/site-packages/torch/include/torch/csrc/api/include -I/ailab/user/wangxuhong/.conda/envs/occformer/lib/python3.7/site-packages/torch/include/TH -I/ailab/user/wangxuhong/.conda/envs/occformer/lib/python3.7/site-packages/torch/include/THC -I/ailab/apps/cuda/11.8/include -I/ailab/user/wangxuhong/.conda/envs/occformer/lib/python3.7/site-packages/torch/include -I/ailab/user/wangxuhong/.conda/envs/occformer/lib/python3.7/site-packages/torch/include/torch/csrc/api/include -I/ailab/user/wangxuhong/.conda/envs/occformer/lib/python3.7/site-packages/torch/include/TH -I/ailab/user/wangxuhong/.conda/envs/occformer/lib/python3.7/site-packages/torch/include/THC -I/ailab/apps/cuda/11.8/include -I/ailab/user/wangxuhong/.conda/envs/occformer/include/python3.7m -c -c /ailab/user/wangxuhong/yuqiucheng/OccFormer-main/mmdetection3d/mmdet3d/ops/voxel_pooling/src/voxel_pooling_forward.cpp -o /ailab/user/wangxuhong/yuqiucheng/OccFormer-main/mmdetection3d/build/temp.linux-x86_64-cpython-37/mmdet3d/ops/voxel_pooling/src/voxel_pooling_forward.o -DTORCH_API_INCLUDE_EXTENSION_H '-DPYBIND11_COMPILER_TYPE="_gcc"' '-DPYBIND11_STDLIB="_libstdcpp"' '-DPYBIND11_BUILD_ABI="_cxxabi1011"' -DTORCH_EXTENSION_NAME=voxel_pooling_ext -D_GLIBCXX_USE_CXX11_ABI=0 -std=c++14
    cc1plus: warning: command line option ‘-Wstrict-prototypes’ is valid for C/ObjC but not for C++
    In file included from /ailab/user/wangxuhong/.conda/envs/occformer/lib/python3.7/site-packages/torch/include/c10/core/DeviceType.h:8,
                     from /ailab/user/wangxuhong/.conda/envs/occformer/lib/python3.7/site-packages/torch/include/c10/core/Device.h:3,
                     from /ailab/user/wangxuhong/.conda/envs/occformer/lib/python3.7/site-packages/torch/include/c10/core/Allocator.h:6,
                     from /ailab/user/wangxuhong/.conda/envs/occformer/lib/python3.7/site-packages/torch/include/ATen/ATen.h:7,
                     from /ailab/user/wangxuhong/.conda/envs/occformer/lib/python3.7/site-packages/torch/include/torch/csrc/api/include/torch/types.h:3,
                     from /ailab/user/wangxuhong/.conda/envs/occformer/lib/python3.7/site-packages/torch/include/torch/csrc/api/include/torch/data/dataloader_options.h:4,
                     from /ailab/user/wangxuhong/.conda/envs/occformer/lib/python3.7/site-packages/torch/include/torch/csrc/api/include/torch/data/dataloader/base.h:3,
                     from /ailab/user/wangxuhong/.conda/envs/occformer/lib/python3.7/site-packages/torch/include/torch/csrc/api/include/torch/data/dataloader/stateful.h:3,
                     from /ailab/user/wangxuhong/.conda/envs/occformer/lib/python3.7/site-packages/torch/include/torch/csrc/api/include/torch/data/dataloader.h:3,
                     from /ailab/user/wangxuhong/.conda/envs/occformer/lib/python3.7/site-packages/torch/include/torch/csrc/api/include/torch/data.h:3,
                     from /ailab/user/wangxuhong/.conda/envs/occformer/lib/python3.7/site-packages/torch/include/torch/csrc/api/include/torch/all.h:8,
                     from /ailab/user/wangxuhong/.conda/envs/occformer/lib/python3.7/site-packages/torch/include/torch/extension.h:4,
                     from /ailab/user/wangxuhong/yuqiucheng/OccFormer-main/mmdetection3d/mmdet3d/ops/voxel_pooling/src/voxel_pooling_forward.cpp:5:
    /ailab/user/wangxuhong/yuqiucheng/OccFormer-main/mmdetection3d/mmdet3d/ops/voxel_pooling/src/voxel_pooling_forward.cpp: In function ‘int voxel_pooling_forward_wrapper(int, int, int, int, int, int, at::Tensor, at::Tensor, at::Tensor, at::Tensor)’:
    /ailab/user/wangxuhong/yuqiucheng/OccFormer-main/mmdetection3d/mmdet3d/ops/voxel_pooling/src/voxel_pooling_forward.cpp:15:22: warning: ‘at::DeprecatedTypeProperties& at::Tensor::type() const’ is deprecated: Tensor.type() is deprecated. Instead use Tensor.options(), which in many cases (e.g. in a constructor) is a drop-in replacement. If you were using data from type(), that is now available from Tensor itself, so instead of tensor.type().scalar_type(), use tensor.scalar_type() instead and instead of tensor.type().backend() use tensor.device(). [-Wdeprecated-declarations]
       15 |   TORCH_CHECK(x.type().is_cuda(), #x, " must be a CUDAtensor ")
          |                      ^
    /ailab/user/wangxuhong/.conda/envs/occformer/lib/python3.7/site-packages/torch/include/c10/macros/Macros.h:197:64: note: in definition of macro ‘C10_UNLIKELY’
      197 | #define C10_UNLIKELY(expr) (__builtin_expect(static_cast<bool>(expr), 0))
          |                                                                ^~~~
    /ailab/user/wangxuhong/.conda/envs/occformer/lib/python3.7/site-packages/torch/include/c10/util/Exception.h:441:7: note: in expansion of macro ‘C10_UNLIKELY_OR_CONST’
      441 |   if (C10_UNLIKELY_OR_CONST(!(cond))) {            \
          |       ^~~~~~~~~~~~~~~~~~~~~
    /ailab/user/wangxuhong/yuqiucheng/OccFormer-main/mmdetection3d/mmdet3d/ops/voxel_pooling/src/voxel_pooling_forward.cpp:15:3: note: in expansion of macro ‘TORCH_CHECK’
       15 |   TORCH_CHECK(x.type().is_cuda(), #x, " must be a CUDAtensor ")
          |   ^~~~~~~~~~~
    /ailab/user/wangxuhong/yuqiucheng/OccFormer-main/mmdetection3d/mmdet3d/ops/voxel_pooling/src/voxel_pooling_forward.cpp:19:3: note: in expansion of macro ‘CHECK_CUDA’
       19 |   CHECK_CUDA(x);       \
          |   ^~~~~~~~~~
    /ailab/user/wangxuhong/yuqiucheng/OccFormer-main/mmdetection3d/mmdet3d/ops/voxel_pooling/src/voxel_pooling_forward.cpp:30:5: note: in expansion of macro ‘CHECK_INPUT’
       30 |     CHECK_INPUT(geom_xyz_tensor);
          |     ^~~~~~~~~~~
    In file included from /ailab/user/wangxuhong/.conda/envs/occformer/lib/python3.7/site-packages/torch/include/ATen/Tensor.h:3,
                     from /ailab/user/wangxuhong/.conda/envs/occformer/lib/python3.7/site-packages/torch/include/ATen/Context.h:4,
                     from /ailab/user/wangxuhong/.conda/envs/occformer/lib/python3.7/site-packages/torch/include/ATen/ATen.h:9,
                     from /ailab/user/wangxuhong/.conda/envs/occformer/lib/python3.7/site-packages/torch/include/torch/csrc/api/include/torch/types.h:3,
                     from /ailab/user/wangxuhong/.conda/envs/occformer/lib/python3.7/site-packages/torch/include/torch/csrc/api/include/torch/data/dataloader_options.h:4,
                     from /ailab/user/wangxuhong/.conda/envs/occformer/lib/python3.7/site-packages/torch/include/torch/csrc/api/include/torch/data/dataloader/base.h:3,
                     from /ailab/user/wangxuhong/.conda/envs/occformer/lib/python3.7/site-packages/torch/include/torch/csrc/api/include/torch/data/dataloader/stateful.h:3,
                     from /ailab/user/wangxuhong/.conda/envs/occformer/lib/python3.7/site-packages/torch/include/torch/csrc/api/include/torch/data/dataloader.h:3,
                     from /ailab/user/wangxuhong/.conda/envs/occformer/lib/python3.7/site-packages/torch/include/torch/csrc/api/include/torch/data.h:3,
                     from /ailab/user/wangxuhong/.conda/envs/occformer/lib/python3.7/site-packages/torch/include/torch/csrc/api/include/torch/all.h:8,
                     from /ailab/user/wangxuhong/.conda/envs/occformer/lib/python3.7/site-packages/torch/include/torch/extension.h:4,
                     from /ailab/user/wangxuhong/yuqiucheng/OccFormer-main/mmdetection3d/mmdet3d/ops/voxel_pooling/src/voxel_pooling_forward.cpp:5:
    /ailab/user/wangxuhong/.conda/envs/occformer/lib/python3.7/site-packages/torch/include/ATen/core/TensorBody.h:194:30: note: declared here
      194 |   DeprecatedTypeProperties & type() const {
          |                              ^~~~
    In file included from /ailab/user/wangxuhong/.conda/envs/occformer/lib/python3.7/site-packages/torch/include/c10/core/DeviceType.h:8,
                     from /ailab/user/wangxuhong/.conda/envs/occformer/lib/python3.7/site-packages/torch/include/c10/core/Device.h:3,
                     from /ailab/user/wangxuhong/.conda/envs/occformer/lib/python3.7/site-packages/torch/include/c10/core/Allocator.h:6,
                     from /ailab/user/wangxuhong/.conda/envs/occformer/lib/python3.7/site-packages/torch/include/ATen/ATen.h:7,
                     from /ailab/user/wangxuhong/.conda/envs/occformer/lib/python3.7/site-packages/torch/include/torch/csrc/api/include/torch/types.h:3,
                     from /ailab/user/wangxuhong/.conda/envs/occformer/lib/python3.7/site-packages/torch/include/torch/csrc/api/include/torch/data/dataloader_options.h:4,
                     from /ailab/user/wangxuhong/.conda/envs/occformer/lib/python3.7/site-packages/torch/include/torch/csrc/api/include/torch/data/dataloader/base.h:3,
                     from /ailab/user/wangxuhong/.conda/envs/occformer/lib/python3.7/site-packages/torch/include/torch/csrc/api/include/torch/data/dataloader/stateful.h:3,
                     from /ailab/user/wangxuhong/.conda/envs/occformer/lib/python3.7/site-packages/torch/include/torch/csrc/api/include/torch/data/dataloader.h:3,
                     from /ailab/user/wangxuhong/.conda/envs/occformer/lib/python3.7/site-packages/torch/include/torch/csrc/api/include/torch/data.h:3,
                     from /ailab/user/wangxuhong/.conda/envs/occformer/lib/python3.7/site-packages/torch/include/torch/csrc/api/include/torch/all.h:8,
                     from /ailab/user/wangxuhong/.conda/envs/occformer/lib/python3.7/site-packages/torch/include/torch/extension.h:4,
                     from /ailab/user/wangxuhong/yuqiucheng/OccFormer-main/mmdetection3d/mmdet3d/ops/voxel_pooling/src/voxel_pooling_forward.cpp:5:
    /ailab/user/wangxuhong/yuqiucheng/OccFormer-main/mmdetection3d/mmdet3d/ops/voxel_pooling/src/voxel_pooling_forward.cpp:15:22: warning: ‘at::DeprecatedTypeProperties& at::Tensor::type() const’ is deprecated: Tensor.type() is deprecated. Instead use Tensor.options(), which in many cases (e.g. in a constructor) is a drop-in replacement. If you were using data from type(), that is now available from Tensor itself, so instead of tensor.type().scalar_type(), use tensor.scalar_type() instead and instead of tensor.type().backend() use tensor.device(). [-Wdeprecated-declarations]
       15 |   TORCH_CHECK(x.type().is_cuda(), #x, " must be a CUDAtensor ")
          |                      ^
    /ailab/user/wangxuhong/.conda/envs/occformer/lib/python3.7/site-packages/torch/include/c10/macros/Macros.h:197:64: note: in definition of macro ‘C10_UNLIKELY’
      197 | #define C10_UNLIKELY(expr) (__builtin_expect(static_cast<bool>(expr), 0))
          |                                                                ^~~~
    /ailab/user/wangxuhong/.conda/envs/occformer/lib/python3.7/site-packages/torch/include/c10/util/Exception.h:441:7: note: in expansion of macro ‘C10_UNLIKELY_OR_CONST’
      441 |   if (C10_UNLIKELY_OR_CONST(!(cond))) {            \
          |       ^~~~~~~~~~~~~~~~~~~~~
    /ailab/user/wangxuhong/yuqiucheng/OccFormer-main/mmdetection3d/mmdet3d/ops/voxel_pooling/src/voxel_pooling_forward.cpp:15:3: note: in expansion of macro ‘TORCH_CHECK’
       15 |   TORCH_CHECK(x.type().is_cuda(), #x, " must be a CUDAtensor ")
          |   ^~~~~~~~~~~
    /ailab/user/wangxuhong/yuqiucheng/OccFormer-main/mmdetection3d/mmdet3d/ops/voxel_pooling/src/voxel_pooling_forward.cpp:19:3: note: in expansion of macro ‘CHECK_CUDA’
       19 |   CHECK_CUDA(x);       \
          |   ^~~~~~~~~~
    /ailab/user/wangxuhong/yuqiucheng/OccFormer-main/mmdetection3d/mmdet3d/ops/voxel_pooling/src/voxel_pooling_forward.cpp:31:5: note: in expansion of macro ‘CHECK_INPUT’
       31 |     CHECK_INPUT(input_features_tensor);
          |     ^~~~~~~~~~~
    In file included from /ailab/user/wangxuhong/.conda/envs/occformer/lib/python3.7/site-packages/torch/include/ATen/Tensor.h:3,
                     from /ailab/user/wangxuhong/.conda/envs/occformer/lib/python3.7/site-packages/torch/include/ATen/Context.h:4,
                     from /ailab/user/wangxuhong/.conda/envs/occformer/lib/python3.7/site-packages/torch/include/ATen/ATen.h:9,
                     from /ailab/user/wangxuhong/.conda/envs/occformer/lib/python3.7/site-packages/torch/include/torch/csrc/api/include/torch/types.h:3,
                     from /ailab/user/wangxuhong/.conda/envs/occformer/lib/python3.7/site-packages/torch/include/torch/csrc/api/include/torch/data/dataloader_options.h:4,
                     from /ailab/user/wangxuhong/.conda/envs/occformer/lib/python3.7/site-packages/torch/include/torch/csrc/api/include/torch/data/dataloader/base.h:3,
                     from /ailab/user/wangxuhong/.conda/envs/occformer/lib/python3.7/site-packages/torch/include/torch/csrc/api/include/torch/data/dataloader/stateful.h:3,
                     from /ailab/user/wangxuhong/.conda/envs/occformer/lib/python3.7/site-packages/torch/include/torch/csrc/api/include/torch/data/dataloader.h:3,
                     from /ailab/user/wangxuhong/.conda/envs/occformer/lib/python3.7/site-packages/torch/include/torch/csrc/api/include/torch/data.h:3,
                     from /ailab/user/wangxuhong/.conda/envs/occformer/lib/python3.7/site-packages/torch/include/torch/csrc/api/include/torch/all.h:8,
                     from /ailab/user/wangxuhong/.conda/envs/occformer/lib/python3.7/site-packages/torch/include/torch/extension.h:4,
                     from /ailab/user/wangxuhong/yuqiucheng/OccFormer-main/mmdetection3d/mmdet3d/ops/voxel_pooling/src/voxel_pooling_forward.cpp:5:
    /ailab/user/wangxuhong/.conda/envs/occformer/lib/python3.7/site-packages/torch/include/ATen/core/TensorBody.h:194:30: note: declared here
      194 |   DeprecatedTypeProperties & type() const {
          |                              ^~~~
    g++ -pthread -B /ailab/user/wangxuhong/.conda/envs/occformer/compiler_compat -Wl,--sysroot=/ -pthread -shared -B /ailab/user/wangxuhong/.conda/envs/occformer/compiler_compat -L/ailab/user/wangxuhong/.conda/envs/occformer/lib -Wl,-rpath=/ailab/user/wangxuhong/.conda/envs/occformer/lib -Wl,--no-as-needed -Wl,--sysroot=/ /ailab/user/wangxuhong/yuqiucheng/OccFormer-main/mmdetection3d/build/temp.linux-x86_64-cpython-37/mmdet3d/ops/voxel_pooling/src/voxel_pooling_forward.o /ailab/user/wangxuhong/yuqiucheng/OccFormer-main/mmdetection3d/build/temp.linux-x86_64-cpython-37/mmdet3d/ops/voxel_pooling/src/voxel_pooling_forward_cuda.o -L/ailab/user/wangxuhong/.conda/envs/occformer/lib/python3.7/site-packages/torch/lib -L/ailab/apps/cuda/11.8/lib64 -lc10 -ltorch -ltorch_cpu -ltorch_python -lcudart -lc10_cuda -ltorch_cuda_cu -ltorch_cuda_cpp -o build/lib.linux-x86_64-cpython-37/mmdet3d/ops/voxel_pooling/voxel_pooling_ext.cpython-37m-x86_64-linux-gnu.so
    building 'mmdet3d.ops.voxel_pooling_stereo.voxel_pooling_stereo_ext' extension
    creating /ailab/user/wangxuhong/yuqiucheng/OccFormer-main/mmdetection3d/build/temp.linux-x86_64-cpython-37/mmdet3d/ops/voxel_pooling_stereo
    creating /ailab/user/wangxuhong/yuqiucheng/OccFormer-main/mmdetection3d/build/temp.linux-x86_64-cpython-37/mmdet3d/ops/voxel_pooling_stereo/src
    Emitting ninja build file /ailab/user/wangxuhong/yuqiucheng/OccFormer-main/mmdetection3d/build/temp.linux-x86_64-cpython-37/build.ninja...
    Compiling objects...
    Allowing ninja to set a default number of workers... (overridable by setting the environment variable MAX_JOBS=N)
    [1/2] /ailab/apps/cuda/11.8/bin/nvcc  -DWITH_CUDA -I/ailab/user/wangxuhong/.conda/envs/occformer/lib/python3.7/site-packages/torch/include -I/ailab/user/wangxuhong/.conda/envs/occformer/lib/python3.7/site-packages/torch/include/torch/csrc/api/include -I/ailab/user/wangxuhong/.conda/envs/occformer/lib/python3.7/site-packages/torch/include/TH -I/ailab/user/wangxuhong/.conda/envs/occformer/lib/python3.7/site-packages/torch/include/THC -I/ailab/apps/cuda/11.8/include -I/ailab/user/wangxuhong/.conda/envs/occformer/lib/python3.7/site-packages/torch/include -I/ailab/user/wangxuhong/.conda/envs/occformer/lib/python3.7/site-packages/torch/include/torch/csrc/api/include -I/ailab/user/wangxuhong/.conda/envs/occformer/lib/python3.7/site-packages/torch/include/TH -I/ailab/user/wangxuhong/.conda/envs/occformer/lib/python3.7/site-packages/torch/include/THC -I/ailab/apps/cuda/11.8/include -I/ailab/user/wangxuhong/.conda/envs/occformer/lib/python3.7/site-packages/torch/include -I/ailab/user/wangxuhong/.conda/envs/occformer/lib/python3.7/site-packages/torch/include/torch/csrc/api/include -I/ailab/user/wangxuhong/.conda/envs/occformer/lib/python3.7/site-packages/torch/include/TH -I/ailab/user/wangxuhong/.conda/envs/occformer/lib/python3.7/site-packages/torch/include/THC -I/ailab/apps/cuda/11.8/include -I/ailab/user/wangxuhong/.conda/envs/occformer/lib/python3.7/site-packages/torch/include -I/ailab/user/wangxuhong/.conda/envs/occformer/lib/python3.7/site-packages/torch/include/torch/csrc/api/include -I/ailab/user/wangxuhong/.conda/envs/occformer/lib/python3.7/site-packages/torch/include/TH -I/ailab/user/wangxuhong/.conda/envs/occformer/lib/python3.7/site-packages/torch/include/THC -I/ailab/apps/cuda/11.8/include -I/ailab/user/wangxuhong/.conda/envs/occformer/lib/python3.7/site-packages/torch/include -I/ailab/user/wangxuhong/.conda/envs/occformer/lib/python3.7/site-packages/torch/include/torch/csrc/api/include -I/ailab/user/wangxuhong/.conda/envs/occformer/lib/python3.7/site-packages/torch/include/TH -I/ailab/user/wangxuhong/.conda/envs/occformer/lib/python3.7/site-packages/torch/include/THC -I/ailab/apps/cuda/11.8/include -I/ailab/user/wangxuhong/.conda/envs/occformer/lib/python3.7/site-packages/torch/include -I/ailab/user/wangxuhong/.conda/envs/occformer/lib/python3.7/site-packages/torch/include/torch/csrc/api/include -I/ailab/user/wangxuhong/.conda/envs/occformer/lib/python3.7/site-packages/torch/include/TH -I/ailab/user/wangxuhong/.conda/envs/occformer/lib/python3.7/site-packages/torch/include/THC -I/ailab/apps/cuda/11.8/include -I/ailab/user/wangxuhong/.conda/envs/occformer/lib/python3.7/site-packages/torch/include -I/ailab/user/wangxuhong/.conda/envs/occformer/lib/python3.7/site-packages/torch/include/torch/csrc/api/include -I/ailab/user/wangxuhong/.conda/envs/occformer/lib/python3.7/site-packages/torch/include/TH -I/ailab/user/wangxuhong/.conda/envs/occformer/lib/python3.7/site-packages/torch/include/THC -I/ailab/apps/cuda/11.8/include -I/ailab/user/wangxuhong/.conda/envs/occformer/lib/python3.7/site-packages/torch/include -I/ailab/user/wangxuhong/.conda/envs/occformer/lib/python3.7/site-packages/torch/include/torch/csrc/api/include -I/ailab/user/wangxuhong/.conda/envs/occformer/lib/python3.7/site-packages/torch/include/TH -I/ailab/user/wangxuhong/.conda/envs/occformer/lib/python3.7/site-packages/torch/include/THC -I/ailab/apps/cuda/11.8/include -I/ailab/user/wangxuhong/.conda/envs/occformer/lib/python3.7/site-packages/torch/include -I/ailab/user/wangxuhong/.conda/envs/occformer/lib/python3.7/site-packages/torch/include/torch/csrc/api/include -I/ailab/user/wangxuhong/.conda/envs/occformer/lib/python3.7/site-packages/torch/include/TH -I/ailab/user/wangxuhong/.conda/envs/occformer/lib/python3.7/site-packages/torch/include/THC -I/ailab/apps/cuda/11.8/include -I/ailab/user/wangxuhong/.conda/envs/occformer/lib/python3.7/site-packages/torch/include -I/ailab/user/wangxuhong/.conda/envs/occformer/lib/python3.7/site-packages/torch/include/torch/csrc/api/include -I/ailab/user/wangxuhong/.conda/envs/occformer/lib/python3.7/site-packages/torch/include/TH -I/ailab/user/wangxuhong/.conda/envs/occformer/lib/python3.7/site-packages/torch/include/THC -I/ailab/apps/cuda/11.8/include -I/ailab/user/wangxuhong/.conda/envs/occformer/lib/python3.7/site-packages/torch/include -I/ailab/user/wangxuhong/.conda/envs/occformer/lib/python3.7/site-packages/torch/include/torch/csrc/api/include -I/ailab/user/wangxuhong/.conda/envs/occformer/lib/python3.7/site-packages/torch/include/TH -I/ailab/user/wangxuhong/.conda/envs/occformer/lib/python3.7/site-packages/torch/include/THC -I/ailab/apps/cuda/11.8/include -I/ailab/user/wangxuhong/.conda/envs/occformer/lib/python3.7/site-packages/torch/include -I/ailab/user/wangxuhong/.conda/envs/occformer/lib/python3.7/site-packages/torch/include/torch/csrc/api/include -I/ailab/user/wangxuhong/.conda/envs/occformer/lib/python3.7/site-packages/torch/include/TH -I/ailab/user/wangxuhong/.conda/envs/occformer/lib/python3.7/site-packages/torch/include/THC -I/ailab/apps/cuda/11.8/include -I/ailab/user/wangxuhong/.conda/envs/occformer/lib/python3.7/site-packages/torch/include -I/ailab/user/wangxuhong/.conda/envs/occformer/lib/python3.7/site-packages/torch/include/torch/csrc/api/include -I/ailab/user/wangxuhong/.conda/envs/occformer/lib/python3.7/site-packages/torch/include/TH -I/ailab/user/wangxuhong/.conda/envs/occformer/lib/python3.7/site-packages/torch/include/THC -I/ailab/apps/cuda/11.8/include -I/ailab/user/wangxuhong/.conda/envs/occformer/include/python3.7m -c -c /ailab/user/wangxuhong/yuqiucheng/OccFormer-main/mmdetection3d/mmdet3d/ops/voxel_pooling_stereo/src/voxel_pooling_forward_cuda.cu -o /ailab/user/wangxuhong/yuqiucheng/OccFormer-main/mmdetection3d/build/temp.linux-x86_64-cpython-37/mmdet3d/ops/voxel_pooling_stereo/src/voxel_pooling_forward_cuda.o -D__CUDA_NO_HALF_OPERATORS__ -D__CUDA_NO_HALF_CONVERSIONS__ -D__CUDA_NO_BFLOAT16_CONVERSIONS__ -D__CUDA_NO_HALF2_OPERATORS__ --expt-relaxed-constexpr --compiler-options ''"'"'-fPIC'"'"'' -D__CUDA_NO_HALF_OPERATORS__ -D__CUDA_NO_HALF_CONVERSIONS__ -D__CUDA_NO_HALF2_OPERATORS__ -DTORCH_API_INCLUDE_EXTENSION_H '-DPYBIND11_COMPILER_TYPE="_gcc"' '-DPYBIND11_STDLIB="_libstdcpp"' '-DPYBIND11_BUILD_ABI="_cxxabi1011"' -DTORCH_EXTENSION_NAME=voxel_pooling_stereo_ext -D_GLIBCXX_USE_CXX11_ABI=0 -gencode=arch=compute_86,code=compute_86 -gencode=arch=compute_86,code=sm_86 -std=c++14
    [2/2] c++ -MMD -MF /ailab/user/wangxuhong/yuqiucheng/OccFormer-main/mmdetection3d/build/temp.linux-x86_64-cpython-37/mmdet3d/ops/voxel_pooling_stereo/src/voxel_pooling_forward.o.d -pthread -B /ailab/user/wangxuhong/.conda/envs/occformer/compiler_compat -Wl,--sysroot=/ -Wsign-compare -DNDEBUG -g -fwrapv -O3 -Wall -Wstrict-prototypes -fPIC -DWITH_CUDA -I/ailab/user/wangxuhong/.conda/envs/occformer/lib/python3.7/site-packages/torch/include -I/ailab/user/wangxuhong/.conda/envs/occformer/lib/python3.7/site-packages/torch/include/torch/csrc/api/include -I/ailab/user/wangxuhong/.conda/envs/occformer/lib/python3.7/site-packages/torch/include/TH -I/ailab/user/wangxuhong/.conda/envs/occformer/lib/python3.7/site-packages/torch/include/THC -I/ailab/apps/cuda/11.8/include -I/ailab/user/wangxuhong/.conda/envs/occformer/lib/python3.7/site-packages/torch/include -I/ailab/user/wangxuhong/.conda/envs/occformer/lib/python3.7/site-packages/torch/include/torch/csrc/api/include -I/ailab/user/wangxuhong/.conda/envs/occformer/lib/python3.7/site-packages/torch/include/TH -I/ailab/user/wangxuhong/.conda/envs/occformer/lib/python3.7/site-packages/torch/include/THC -I/ailab/apps/cuda/11.8/include -I/ailab/user/wangxuhong/.conda/envs/occformer/lib/python3.7/site-packages/torch/include -I/ailab/user/wangxuhong/.conda/envs/occformer/lib/python3.7/site-packages/torch/include/torch/csrc/api/include -I/ailab/user/wangxuhong/.conda/envs/occformer/lib/python3.7/site-packages/torch/include/TH -I/ailab/user/wangxuhong/.conda/envs/occformer/lib/python3.7/site-packages/torch/include/THC -I/ailab/apps/cuda/11.8/include -I/ailab/user/wangxuhong/.conda/envs/occformer/lib/python3.7/site-packages/torch/include -I/ailab/user/wangxuhong/.conda/envs/occformer/lib/python3.7/site-packages/torch/include/torch/csrc/api/include -I/ailab/user/wangxuhong/.conda/envs/occformer/lib/python3.7/site-packages/torch/include/TH -I/ailab/user/wangxuhong/.conda/envs/occformer/lib/python3.7/site-packages/torch/include/THC -I/ailab/apps/cuda/11.8/include -I/ailab/user/wangxuhong/.conda/envs/occformer/lib/python3.7/site-packages/torch/include -I/ailab/user/wangxuhong/.conda/envs/occformer/lib/python3.7/site-packages/torch/include/torch/csrc/api/include -I/ailab/user/wangxuhong/.conda/envs/occformer/lib/python3.7/site-packages/torch/include/TH -I/ailab/user/wangxuhong/.conda/envs/occformer/lib/python3.7/site-packages/torch/include/THC -I/ailab/apps/cuda/11.8/include -I/ailab/user/wangxuhong/.conda/envs/occformer/lib/python3.7/site-packages/torch/include -I/ailab/user/wangxuhong/.conda/envs/occformer/lib/python3.7/site-packages/torch/include/torch/csrc/api/include -I/ailab/user/wangxuhong/.conda/envs/occformer/lib/python3.7/site-packages/torch/include/TH -I/ailab/user/wangxuhong/.conda/envs/occformer/lib/python3.7/site-packages/torch/include/THC -I/ailab/apps/cuda/11.8/include -I/ailab/user/wangxuhong/.conda/envs/occformer/lib/python3.7/site-packages/torch/include -I/ailab/user/wangxuhong/.conda/envs/occformer/lib/python3.7/site-packages/torch/include/torch/csrc/api/include -I/ailab/user/wangxuhong/.conda/envs/occformer/lib/python3.7/site-packages/torch/include/TH -I/ailab/user/wangxuhong/.conda/envs/occformer/lib/python3.7/site-packages/torch/include/THC -I/ailab/apps/cuda/11.8/include -I/ailab/user/wangxuhong/.conda/envs/occformer/lib/python3.7/site-packages/torch/include -I/ailab/user/wangxuhong/.conda/envs/occformer/lib/python3.7/site-packages/torch/include/torch/csrc/api/include -I/ailab/user/wangxuhong/.conda/envs/occformer/lib/python3.7/site-packages/torch/include/TH -I/ailab/user/wangxuhong/.conda/envs/occformer/lib/python3.7/site-packages/torch/include/THC -I/ailab/apps/cuda/11.8/include -I/ailab/user/wangxuhong/.conda/envs/occformer/lib/python3.7/site-packages/torch/include -I/ailab/user/wangxuhong/.conda/envs/occformer/lib/python3.7/site-packages/torch/include/torch/csrc/api/include -I/ailab/user/wangxuhong/.conda/envs/occformer/lib/python3.7/site-packages/torch/include/TH -I/ailab/user/wangxuhong/.conda/envs/occformer/lib/python3.7/site-packages/torch/include/THC -I/ailab/apps/cuda/11.8/include -I/ailab/user/wangxuhong/.conda/envs/occformer/lib/python3.7/site-packages/torch/include -I/ailab/user/wangxuhong/.conda/envs/occformer/lib/python3.7/site-packages/torch/include/torch/csrc/api/include -I/ailab/user/wangxuhong/.conda/envs/occformer/lib/python3.7/site-packages/torch/include/TH -I/ailab/user/wangxuhong/.conda/envs/occformer/lib/python3.7/site-packages/torch/include/THC -I/ailab/apps/cuda/11.8/include -I/ailab/user/wangxuhong/.conda/envs/occformer/lib/python3.7/site-packages/torch/include -I/ailab/user/wangxuhong/.conda/envs/occformer/lib/python3.7/site-packages/torch/include/torch/csrc/api/include -I/ailab/user/wangxuhong/.conda/envs/occformer/lib/python3.7/site-packages/torch/include/TH -I/ailab/user/wangxuhong/.conda/envs/occformer/lib/python3.7/site-packages/torch/include/THC -I/ailab/apps/cuda/11.8/include -I/ailab/user/wangxuhong/.conda/envs/occformer/lib/python3.7/site-packages/torch/include -I/ailab/user/wangxuhong/.conda/envs/occformer/lib/python3.7/site-packages/torch/include/torch/csrc/api/include -I/ailab/user/wangxuhong/.conda/envs/occformer/lib/python3.7/site-packages/torch/include/TH -I/ailab/user/wangxuhong/.conda/envs/occformer/lib/python3.7/site-packages/torch/include/THC -I/ailab/apps/cuda/11.8/include -I/ailab/user/wangxuhong/.conda/envs/occformer/lib/python3.7/site-packages/torch/include -I/ailab/user/wangxuhong/.conda/envs/occformer/lib/python3.7/site-packages/torch/include/torch/csrc/api/include -I/ailab/user/wangxuhong/.conda/envs/occformer/lib/python3.7/site-packages/torch/include/TH -I/ailab/user/wangxuhong/.conda/envs/occformer/lib/python3.7/site-packages/torch/include/THC -I/ailab/apps/cuda/11.8/include -I/ailab/user/wangxuhong/.conda/envs/occformer/include/python3.7m -c -c /ailab/user/wangxuhong/yuqiucheng/OccFormer-main/mmdetection3d/mmdet3d/ops/voxel_pooling_stereo/src/voxel_pooling_forward.cpp -o /ailab/user/wangxuhong/yuqiucheng/OccFormer-main/mmdetection3d/build/temp.linux-x86_64-cpython-37/mmdet3d/ops/voxel_pooling_stereo/src/voxel_pooling_forward.o -DTORCH_API_INCLUDE_EXTENSION_H '-DPYBIND11_COMPILER_TYPE="_gcc"' '-DPYBIND11_STDLIB="_libstdcpp"' '-DPYBIND11_BUILD_ABI="_cxxabi1011"' -DTORCH_EXTENSION_NAME=voxel_pooling_stereo_ext -D_GLIBCXX_USE_CXX11_ABI=0 -std=c++14
    cc1plus: warning: command line option ‘-Wstrict-prototypes’ is valid for C/ObjC but not for C++
    In file included from /ailab/user/wangxuhong/.conda/envs/occformer/lib/python3.7/site-packages/torch/include/c10/core/DeviceType.h:8,
                     from /ailab/user/wangxuhong/.conda/envs/occformer/lib/python3.7/site-packages/torch/include/c10/core/Device.h:3,
                     from /ailab/user/wangxuhong/.conda/envs/occformer/lib/python3.7/site-packages/torch/include/c10/core/Allocator.h:6,
                     from /ailab/user/wangxuhong/.conda/envs/occformer/lib/python3.7/site-packages/torch/include/ATen/ATen.h:7,
                     from /ailab/user/wangxuhong/.conda/envs/occformer/lib/python3.7/site-packages/torch/include/torch/csrc/api/include/torch/types.h:3,
                     from /ailab/user/wangxuhong/.conda/envs/occformer/lib/python3.7/site-packages/torch/include/torch/csrc/api/include/torch/data/dataloader_options.h:4,
                     from /ailab/user/wangxuhong/.conda/envs/occformer/lib/python3.7/site-packages/torch/include/torch/csrc/api/include/torch/data/dataloader/base.h:3,
                     from /ailab/user/wangxuhong/.conda/envs/occformer/lib/python3.7/site-packages/torch/include/torch/csrc/api/include/torch/data/dataloader/stateful.h:3,
                     from /ailab/user/wangxuhong/.conda/envs/occformer/lib/python3.7/site-packages/torch/include/torch/csrc/api/include/torch/data/dataloader.h:3,
                     from /ailab/user/wangxuhong/.conda/envs/occformer/lib/python3.7/site-packages/torch/include/torch/csrc/api/include/torch/data.h:3,
                     from /ailab/user/wangxuhong/.conda/envs/occformer/lib/python3.7/site-packages/torch/include/torch/csrc/api/include/torch/all.h:8,
                     from /ailab/user/wangxuhong/.conda/envs/occformer/lib/python3.7/site-packages/torch/include/torch/extension.h:4,
                     from /ailab/user/wangxuhong/yuqiucheng/OccFormer-main/mmdetection3d/mmdet3d/ops/voxel_pooling_stereo/src/voxel_pooling_forward.cpp:5:
    /ailab/user/wangxuhong/yuqiucheng/OccFormer-main/mmdetection3d/mmdet3d/ops/voxel_pooling_stereo/src/voxel_pooling_forward.cpp: In function ‘int voxel_pooling_forward_wrapper(int, int, int, int, int, int, at::Tensor, at::Tensor, at::Tensor, at::Tensor)’:
    /ailab/user/wangxuhong/yuqiucheng/OccFormer-main/mmdetection3d/mmdet3d/ops/voxel_pooling_stereo/src/voxel_pooling_forward.cpp:15:22: warning: ‘at::DeprecatedTypeProperties& at::Tensor::type() const’ is deprecated: Tensor.type() is deprecated. Instead use Tensor.options(), which in many cases (e.g. in a constructor) is a drop-in replacement. If you were using data from type(), that is now available from Tensor itself, so instead of tensor.type().scalar_type(), use tensor.scalar_type() instead and instead of tensor.type().backend() use tensor.device(). [-Wdeprecated-declarations]
       15 |   TORCH_CHECK(x.type().is_cuda(), #x, " must be a CUDAtensor ")
          |                      ^
    /ailab/user/wangxuhong/.conda/envs/occformer/lib/python3.7/site-packages/torch/include/c10/macros/Macros.h:197:64: note: in definition of macro ‘C10_UNLIKELY’
      197 | #define C10_UNLIKELY(expr) (__builtin_expect(static_cast<bool>(expr), 0))
          |                                                                ^~~~
    /ailab/user/wangxuhong/.conda/envs/occformer/lib/python3.7/site-packages/torch/include/c10/util/Exception.h:441:7: note: in expansion of macro ‘C10_UNLIKELY_OR_CONST’
      441 |   if (C10_UNLIKELY_OR_CONST(!(cond))) {            \
          |       ^~~~~~~~~~~~~~~~~~~~~
    /ailab/user/wangxuhong/yuqiucheng/OccFormer-main/mmdetection3d/mmdet3d/ops/voxel_pooling_stereo/src/voxel_pooling_forward.cpp:15:3: note: in expansion of macro ‘TORCH_CHECK’
       15 |   TORCH_CHECK(x.type().is_cuda(), #x, " must be a CUDAtensor ")
          |   ^~~~~~~~~~~
    /ailab/user/wangxuhong/yuqiucheng/OccFormer-main/mmdetection3d/mmdet3d/ops/voxel_pooling_stereo/src/voxel_pooling_forward.cpp:19:3: note: in expansion of macro ‘CHECK_CUDA’
       19 |   CHECK_CUDA(x);       \
          |   ^~~~~~~~~~
    /ailab/user/wangxuhong/yuqiucheng/OccFormer-main/mmdetection3d/mmdet3d/ops/voxel_pooling_stereo/src/voxel_pooling_forward.cpp:30:5: note: in expansion of macro ‘CHECK_INPUT’
       30 |     CHECK_INPUT(geom_xyz_tensor);
          |     ^~~~~~~~~~~
    In file included from /ailab/user/wangxuhong/.conda/envs/occformer/lib/python3.7/site-packages/torch/include/ATen/Tensor.h:3,
                     from /ailab/user/wangxuhong/.conda/envs/occformer/lib/python3.7/site-packages/torch/include/ATen/Context.h:4,
                     from /ailab/user/wangxuhong/.conda/envs/occformer/lib/python3.7/site-packages/torch/include/ATen/ATen.h:9,
                     from /ailab/user/wangxuhong/.conda/envs/occformer/lib/python3.7/site-packages/torch/include/torch/csrc/api/include/torch/types.h:3,
                     from /ailab/user/wangxuhong/.conda/envs/occformer/lib/python3.7/site-packages/torch/include/torch/csrc/api/include/torch/data/dataloader_options.h:4,
                     from /ailab/user/wangxuhong/.conda/envs/occformer/lib/python3.7/site-packages/torch/include/torch/csrc/api/include/torch/data/dataloader/base.h:3,
                     from /ailab/user/wangxuhong/.conda/envs/occformer/lib/python3.7/site-packages/torch/include/torch/csrc/api/include/torch/data/dataloader/stateful.h:3,
                     from /ailab/user/wangxuhong/.conda/envs/occformer/lib/python3.7/site-packages/torch/include/torch/csrc/api/include/torch/data/dataloader.h:3,
                     from /ailab/user/wangxuhong/.conda/envs/occformer/lib/python3.7/site-packages/torch/include/torch/csrc/api/include/torch/data.h:3,
                     from /ailab/user/wangxuhong/.conda/envs/occformer/lib/python3.7/site-packages/torch/include/torch/csrc/api/include/torch/all.h:8,
                     from /ailab/user/wangxuhong/.conda/envs/occformer/lib/python3.7/site-packages/torch/include/torch/extension.h:4,
                     from /ailab/user/wangxuhong/yuqiucheng/OccFormer-main/mmdetection3d/mmdet3d/ops/voxel_pooling_stereo/src/voxel_pooling_forward.cpp:5:
    /ailab/user/wangxuhong/.conda/envs/occformer/lib/python3.7/site-packages/torch/include/ATen/core/TensorBody.h:194:30: note: declared here
      194 |   DeprecatedTypeProperties & type() const {
          |                              ^~~~
    In file included from /ailab/user/wangxuhong/.conda/envs/occformer/lib/python3.7/site-packages/torch/include/c10/core/DeviceType.h:8,
                     from /ailab/user/wangxuhong/.conda/envs/occformer/lib/python3.7/site-packages/torch/include/c10/core/Device.h:3,
                     from /ailab/user/wangxuhong/.conda/envs/occformer/lib/python3.7/site-packages/torch/include/c10/core/Allocator.h:6,
                     from /ailab/user/wangxuhong/.conda/envs/occformer/lib/python3.7/site-packages/torch/include/ATen/ATen.h:7,
                     from /ailab/user/wangxuhong/.conda/envs/occformer/lib/python3.7/site-packages/torch/include/torch/csrc/api/include/torch/types.h:3,
                     from /ailab/user/wangxuhong/.conda/envs/occformer/lib/python3.7/site-packages/torch/include/torch/csrc/api/include/torch/data/dataloader_options.h:4,
                     from /ailab/user/wangxuhong/.conda/envs/occformer/lib/python3.7/site-packages/torch/include/torch/csrc/api/include/torch/data/dataloader/base.h:3,
                     from /ailab/user/wangxuhong/.conda/envs/occformer/lib/python3.7/site-packages/torch/include/torch/csrc/api/include/torch/data/dataloader/stateful.h:3,
                     from /ailab/user/wangxuhong/.conda/envs/occformer/lib/python3.7/site-packages/torch/include/torch/csrc/api/include/torch/data/dataloader.h:3,
                     from /ailab/user/wangxuhong/.conda/envs/occformer/lib/python3.7/site-packages/torch/include/torch/csrc/api/include/torch/data.h:3,
                     from /ailab/user/wangxuhong/.conda/envs/occformer/lib/python3.7/site-packages/torch/include/torch/csrc/api/include/torch/all.h:8,
                     from /ailab/user/wangxuhong/.conda/envs/occformer/lib/python3.7/site-packages/torch/include/torch/extension.h:4,
                     from /ailab/user/wangxuhong/yuqiucheng/OccFormer-main/mmdetection3d/mmdet3d/ops/voxel_pooling_stereo/src/voxel_pooling_forward.cpp:5:
    /ailab/user/wangxuhong/yuqiucheng/OccFormer-main/mmdetection3d/mmdet3d/ops/voxel_pooling_stereo/src/voxel_pooling_forward.cpp:15:22: warning: ‘at::DeprecatedTypeProperties& at::Tensor::type() const’ is deprecated: Tensor.type() is deprecated. Instead use Tensor.options(), which in many cases (e.g. in a constructor) is a drop-in replacement. If you were using data from type(), that is now available from Tensor itself, so instead of tensor.type().scalar_type(), use tensor.scalar_type() instead and instead of tensor.type().backend() use tensor.device(). [-Wdeprecated-declarations]
       15 |   TORCH_CHECK(x.type().is_cuda(), #x, " must be a CUDAtensor ")
          |                      ^
    /ailab/user/wangxuhong/.conda/envs/occformer/lib/python3.7/site-packages/torch/include/c10/macros/Macros.h:197:64: note: in definition of macro ‘C10_UNLIKELY’
      197 | #define C10_UNLIKELY(expr) (__builtin_expect(static_cast<bool>(expr), 0))
          |                                                                ^~~~
    /ailab/user/wangxuhong/.conda/envs/occformer/lib/python3.7/site-packages/torch/include/c10/util/Exception.h:441:7: note: in expansion of macro ‘C10_UNLIKELY_OR_CONST’
      441 |   if (C10_UNLIKELY_OR_CONST(!(cond))) {            \
          |       ^~~~~~~~~~~~~~~~~~~~~
    /ailab/user/wangxuhong/yuqiucheng/OccFormer-main/mmdetection3d/mmdet3d/ops/voxel_pooling_stereo/src/voxel_pooling_forward.cpp:15:3: note: in expansion of macro ‘TORCH_CHECK’
       15 |   TORCH_CHECK(x.type().is_cuda(), #x, " must be a CUDAtensor ")
          |   ^~~~~~~~~~~
    /ailab/user/wangxuhong/yuqiucheng/OccFormer-main/mmdetection3d/mmdet3d/ops/voxel_pooling_stereo/src/voxel_pooling_forward.cpp:19:3: note: in expansion of macro ‘CHECK_CUDA’
       19 |   CHECK_CUDA(x);       \
          |   ^~~~~~~~~~
    /ailab/user/wangxuhong/yuqiucheng/OccFormer-main/mmdetection3d/mmdet3d/ops/voxel_pooling_stereo/src/voxel_pooling_forward.cpp:31:5: note: in expansion of macro ‘CHECK_INPUT’
       31 |     CHECK_INPUT(input_features_tensor);
          |     ^~~~~~~~~~~
    In file included from /ailab/user/wangxuhong/.conda/envs/occformer/lib/python3.7/site-packages/torch/include/ATen/Tensor.h:3,
                     from /ailab/user/wangxuhong/.conda/envs/occformer/lib/python3.7/site-packages/torch/include/ATen/Context.h:4,
                     from /ailab/user/wangxuhong/.conda/envs/occformer/lib/python3.7/site-packages/torch/include/ATen/ATen.h:9,
                     from /ailab/user/wangxuhong/.conda/envs/occformer/lib/python3.7/site-packages/torch/include/torch/csrc/api/include/torch/types.h:3,
                     from /ailab/user/wangxuhong/.conda/envs/occformer/lib/python3.7/site-packages/torch/include/torch/csrc/api/include/torch/data/dataloader_options.h:4,
                     from /ailab/user/wangxuhong/.conda/envs/occformer/lib/python3.7/site-packages/torch/include/torch/csrc/api/include/torch/data/dataloader/base.h:3,
                     from /ailab/user/wangxuhong/.conda/envs/occformer/lib/python3.7/site-packages/torch/include/torch/csrc/api/include/torch/data/dataloader/stateful.h:3,
                     from /ailab/user/wangxuhong/.conda/envs/occformer/lib/python3.7/site-packages/torch/include/torch/csrc/api/include/torch/data/dataloader.h:3,
                     from /ailab/user/wangxuhong/.conda/envs/occformer/lib/python3.7/site-packages/torch/include/torch/csrc/api/include/torch/data.h:3,
                     from /ailab/user/wangxuhong/.conda/envs/occformer/lib/python3.7/site-packages/torch/include/torch/csrc/api/include/torch/all.h:8,
                     from /ailab/user/wangxuhong/.conda/envs/occformer/lib/python3.7/site-packages/torch/include/torch/extension.h:4,
                     from /ailab/user/wangxuhong/yuqiucheng/OccFormer-main/mmdetection3d/mmdet3d/ops/voxel_pooling_stereo/src/voxel_pooling_forward.cpp:5:
    /ailab/user/wangxuhong/.conda/envs/occformer/lib/python3.7/site-packages/torch/include/ATen/core/TensorBody.h:194:30: note: declared here
      194 |   DeprecatedTypeProperties & type() const {
          |                              ^~~~
    g++ -pthread -B /ailab/user/wangxuhong/.conda/envs/occformer/compiler_compat -Wl,--sysroot=/ -pthread -shared -B /ailab/user/wangxuhong/.conda/envs/occformer/compiler_compat -L/ailab/user/wangxuhong/.conda/envs/occformer/lib -Wl,-rpath=/ailab/user/wangxuhong/.conda/envs/occformer/lib -Wl,--no-as-needed -Wl,--sysroot=/ /ailab/user/wangxuhong/yuqiucheng/OccFormer-main/mmdetection3d/build/temp.linux-x86_64-cpython-37/mmdet3d/ops/voxel_pooling_stereo/src/voxel_pooling_forward.o /ailab/user/wangxuhong/yuqiucheng/OccFormer-main/mmdetection3d/build/temp.linux-x86_64-cpython-37/mmdet3d/ops/voxel_pooling_stereo/src/voxel_pooling_forward_cuda.o -L/ailab/user/wangxuhong/.conda/envs/occformer/lib/python3.7/site-packages/torch/lib -L/ailab/apps/cuda/11.8/lib64 -lc10 -ltorch -ltorch_cpu -ltorch_python -lcudart -lc10_cuda -ltorch_cuda_cu -ltorch_cuda_cpp -o build/lib.linux-x86_64-cpython-37/mmdet3d/ops/voxel_pooling_stereo/voxel_pooling_stereo_ext.cpython-37m-x86_64-linux-gnu.so
    copying build/lib.linux-x86_64-cpython-37/mmdet3d/ops/spconv/sparse_conv_ext.cpython-37m-x86_64-linux-gnu.so -> mmdet3d/ops/spconv
    copying build/lib.linux-x86_64-cpython-37/mmdet3d/ops/iou3d/iou3d_cuda.cpython-37m-x86_64-linux-gnu.so -> mmdet3d/ops/iou3d
    copying build/lib.linux-x86_64-cpython-37/mmdet3d/ops/voxel/voxel_layer.cpython-37m-x86_64-linux-gnu.so -> mmdet3d/ops/voxel
    copying build/lib.linux-x86_64-cpython-37/mmdet3d/ops/roiaware_pool3d/roiaware_pool3d_ext.cpython-37m-x86_64-linux-gnu.so -> mmdet3d/ops/roiaware_pool3d
    copying build/lib.linux-x86_64-cpython-37/mmdet3d/ops/ball_query/ball_query_ext.cpython-37m-x86_64-linux-gnu.so -> mmdet3d/ops/ball_query
    copying build/lib.linux-x86_64-cpython-37/mmdet3d/ops/knn/knn_ext.cpython-37m-x86_64-linux-gnu.so -> mmdet3d/ops/knn
    copying build/lib.linux-x86_64-cpython-37/mmdet3d/ops/paconv/assign_score_withk_ext.cpython-37m-x86_64-linux-gnu.so -> mmdet3d/ops/paconv
    copying build/lib.linux-x86_64-cpython-37/mmdet3d/ops/group_points/group_points_ext.cpython-37m-x86_64-linux-gnu.so -> mmdet3d/ops/group_points
    copying build/lib.linux-x86_64-cpython-37/mmdet3d/ops/interpolate/interpolate_ext.cpython-37m-x86_64-linux-gnu.so -> mmdet3d/ops/interpolate
    copying build/lib.linux-x86_64-cpython-37/mmdet3d/ops/furthest_point_sample/furthest_point_sample_ext.cpython-37m-x86_64-linux-gnu.so -> mmdet3d/ops/furthest_point_sample
    copying build/lib.linux-x86_64-cpython-37/mmdet3d/ops/gather_points/gather_points_ext.cpython-37m-x86_64-linux-gnu.so -> mmdet3d/ops/gather_points
    copying build/lib.linux-x86_64-cpython-37/mmdet3d/ops/bev_pool/bev_pool_ext.cpython-37m-x86_64-linux-gnu.so -> mmdet3d/ops/bev_pool
    copying build/lib.linux-x86_64-cpython-37/mmdet3d/ops/voxel_pooling/voxel_pooling_ext.cpython-37m-x86_64-linux-gnu.so -> mmdet3d/ops/voxel_pooling
    copying build/lib.linux-x86_64-cpython-37/mmdet3d/ops/voxel_pooling_stereo/voxel_pooling_stereo_ext.cpython-37m-x86_64-linux-gnu.so -> mmdet3d/ops/voxel_pooling_stereo
    Creating /ailab/user/wangxuhong/.conda/envs/occformer/lib/python3.7/site-packages/mmdet3d.egg-link (link to .)
    Adding mmdet3d 0.17.1 to easy-install.pth file

    Installed /ailab/user/wangxuhong/yuqiucheng/OccFormer-main/mmdetection3d
Successfully installed mmdet3d-0.17.1
